date,open,high,low,close,volume,dividend,split_factor,adjusted_close,source
2021-08-26,226.96078491,230.88235474,225.4901886,228.43136597,672723,0,1,170.93222077,yahoo_bootstrap
2021-08-27,230.39215088,231.37254333,225.98039246,231.37254333,713683,0,1,173.13306554,yahoo_bootstrap
2021-08-30,231.37254333,232.35293579,227.94117737,231.37254333,808044,0,1,173.13306554,yahoo_bootstrap
2021-08-31,231.37254333,234.3137207,228.43136597,233.8235321,828088,0,1,174.96710856,yahoo_bootstrap
2021-09-01,233.33332825,233.8235321,231.37254333,231.86274719,730407,0,1,173.49987871,yahoo_bootstrap
2021-09-02,231.86274719,234.80392456,230.39215088,230.39215088,492880,0,1,172.39945062,yahoo_bootstrap
2021-09-03,234.80392456,241.66667175,234.80392456,240.6862793,3005605,0,1,180.10241306,yahoo_bootstrap
2021-09-06,242.15686035,245.58824158,238.23529053,239.21568298,1805840,0,1,179.00198495,yahoo_bootstrap
2021-09-07,242.15686035,242.15686035,235.29411316,238.72549438,773163,0,1,178.6351832,yahoo_bootstrap
2021-09-08,236.27450562,238.23529053,232.84313965,235.29411316,1011339,0,1,176.06752525,yahoo_bootstrap
2021-09-09,233.33332825,240.19607544,233.33332825,239.21568298,808019,0,1,179.00198495,yahoo_bootstrap
2021-09-10,240.19607544,243.62745667,239.70588684,243.13725281,880283,0,1,181.93644466,yahoo_bootstrap
2021-09-13,244.60784912,245.58824158,241.66667175,245.09803772,821005,0,1,183.40367451,yahoo_bootstrap
2021-09-14,250,256.37255859,249.01960754,253.43136597,3758324,0,1,189.63939568,yahoo_bootstrap
2021-09-15,253.43136597,254.90196228,250.98039246,254.41175842,1635125,0,1,190.3730106,yahoo_bootstrap
2021-09-16,253.92156982,253.92156982,244.60784912,248.03921509,1485431,0,1,185.60451929,yahoo_bootstrap
2021-09-17,246.07843018,250,245.58824158,248.52940369,1046566,0,1,185.97132105,yahoo_bootstrap
2021-09-22,244.60784912,250,244.11764526,248.03921509,829510,0,1,185.60451929,yahoo_bootstrap
2021-09-23,248.03921509,250.98039246,244.11764526,247.54902649,1750584,0,1,185.23771754,yahoo_bootstrap
2021-09-24,248.03921509,248.03921509,242.64706421,242.64706421,1076759,0,1,181.56964291,yahoo_bootstrap
2021-09-27,242.64706421,246.56863403,241.1764679,241.1764679,527682,0,1,180.46921481,yahoo_bootstrap
2021-09-28,241.1764679,242.64706421,238.23529053,240.19607544,366374,0,1,179.73559988,yahoo_bootstrap
2021-09-29,237.25489807,244.60784912,234.3137207,237.74510193,1137668,0,1,177.90156827,yahoo_bootstrap
2021-09-30,235.29411316,242.64706421,235.29411316,241.66667175,700995,0,1,180.83602798,yahoo_bootstrap
2021-10-01,239.70588684,239.70588684,235.29411316,236.27450562,537021,0,1,176.80114018,yahoo_bootstrap
2021-10-04,236.27450562,237.74510193,228.92156982,232.35293579,893413,0,1,173.86668047,yahoo_bootstrap
2021-10-05,226.47058105,226.47058105,219.11764526,222.05882263,2145552,0,1,166.16372945,yahoo_bootstrap
2021-10-06,222.05882263,223.52940369,214.70588684,217.15686035,2374012,0,1,162.49565482,yahoo_bootstrap
2021-10-07,218.13725281,221.07843018,215.6862793,218.13725281,1312985,0,1,163.22926975,yahoo_bootstrap
2021-10-08,221.07843018,222.05882263,214.70588684,218.62745667,1300725,0,1,163.59608292,yahoo_bootstrap
2021-10-12,214.21568298,217.15686035,208.33332825,210.78431702,2278223,0,1,157.72716351,yahoo_bootstrap
2021-10-13,210.29411316,213.23529053,203.92156982,209.80392456,1206683,0,1,156.99354858,yahoo_bootstrap
2021-10-14,208.8235321,213.23529053,206.86274719,210.78431702,737460,0,1,157.72716351,yahoo_bootstrap
2021-10-15,210.78431702,210.78431702,200.4901886,204.90196228,2644469,0,1,153.32547395,yahoo_bootstrap
2021-10-18,208.8235321,216.1764679,208.33332825,213.23529053,1872985,0,1,159.56119512,yahoo_bootstrap
2021-10-19,215.19607544,216.66667175,210.78431702,215.19607544,1029093,0,1,161.02842497,yahoo_bootstrap
2021-10-20,215.6862793,215.6862793,212.74510193,213.72549438,725344,0,1,159.92800828,yahoo_bootstrap
2021-10-21,214.21568298,219.11764526,213.23529053,213.23529053,896796,0,1,159.56119512,yahoo_bootstrap
2021-10-22,214.70588684,218.13725281,213.72549438,215.6862793,779491,0,1,161.39523814,yahoo_bootstrap
2021-10-25,217.64706421,222.05882263,216.1764679,218.62745667,1233666,0,1,163.59608292,yahoo_bootstrap
2021-10-26,219.60784912,227.45097351,218.13725281,225.4901886,1673340,0,1,168.73137599,yahoo_bootstrap
2021-10-27,223.03921509,226.96078491,222.54902649,226.47058105,889862,0,1,169.46499091,yahoo_bootstrap
2021-10-28,225,228.92156982,224.01960754,228.43136597,709272,0,1,170.93222077,yahoo_bootstrap
2021-10-29,230.39215088,238.23529053,228.43136597,237.74510193,1841049,0,1,177.90156827,yahoo_bootstrap
2021-11-01,236.27450562,237.74510193,227.45097351,230.39215088,1265366,0,1,172.39945062,yahoo_bootstrap
2021-11-02,230.39215088,231.86274719,223.03921509,226.47058105,1117541,0,1,169.46499091,yahoo_bootstrap
2021-11-03,224.01960754,224.50979614,217.64706421,219.60784912,1495572,0,1,164.32969784,yahoo_bootstrap
2021-11-04,220.58824158,226.47058105,220.58824158,223.52940369,845994,0,1,167.26414613,yahoo_bootstrap
2021-11-05,224.50979614,230.88235474,222.54902649,229.41175842,1005909,0,1,171.66583569,yahoo_bootstrap
2021-11-08,229.41175842,234.80392456,229.41175842,231.86274719,774503,0,1,173.49987871,yahoo_bootstrap
2021-11-09,233.33332825,236.27450562,232.84313965,233.8235321,550672,0,1,174.96710856,yahoo_bootstrap
2021-11-10,233.8235321,238.23529053,232.35293579,232.84313965,1738494,0,1,174.23349364,yahoo_bootstrap
2021-11-11,233.33332825,237.25489807,230.88235474,232.35293579,1470053,0,1,173.86668047,yahoo_bootstrap
2021-11-12,233.33332825,235.78431702,230.88235474,232.84313965,976848,0,1,174.23349364,yahoo_bootstrap
2021-11-15,233.33332825,235.29411316,230.39215088,233.33332825,1063107,0,1,174.6002954,yahoo_bootstrap
2021-11-16,233.33332825,235.78431702,231.86274719,233.8235321,1044610,0,1,174.96710856,yahoo_bootstrap
2021-11-17,235.29411316,235.29411316,229.41175842,232.35293579,1288897,0,1,173.86668047,yahoo_bootstrap
2021-11-18,232.84313965,237.74510193,230.88235474,232.84313965,1226961,0,1,174.23349364,yahoo_bootstrap
2021-11-19,237.25489807,247.05882263,236.27450562,238.72549438,3193736,0,1,178.6351832,yahoo_bootstrap
2021-11-22,237.74510193,240.6862793,234.3137207,237.74510193,1585797,0,1,177.90156827,yahoo_bootstrap
2021-11-23,237.74510193,238.23529053,232.84313965,237.25489807,1271853,0,1,177.5347551,yahoo_bootstrap
2021-11-24,237.25489807,237.25489807,232.84313965,233.8235321,855943,0,1,174.96710856,yahoo_bootstrap
2021-11-25,235.29411316,235.29411316,232.35293579,234.3137207,689842,0,1,175.33391032,yahoo_bootstrap
2021-11-26,234.3137207,234.3137207,228.92156982,229.41175842,1135619,0,1,171.66583569,yahoo_bootstrap
2021-11-29,226.47058105,230.88235474,225.4901886,228.43136597,812181,0,1,170.93222077,yahoo_bootstrap
2021-11-30,228.43136597,231.37254333,228.43136597,228.43136597,582631,0,1,170.93222077,yahoo_bootstrap
2021-12-01,228.43136597,231.86274719,226.47058105,228.92156982,574812,0,1,171.29903393,yahoo_bootstrap
2021-12-02,228.92156982,235.78431702,228.92156982,234.3137207,1118032,0,1,175.33391032,yahoo_bootstrap
2021-12-03,234.3137207,235.29411316,224.50979614,232.35293579,2611281,0,1,173.86668047,yahoo_bootstrap
2021-12-06,232.35293579,235.78431702,231.37254333,235.78431702,526617,0,1,176.43433842,yahoo_bootstrap
2021-12-07,236.27450562,244.11764526,235.78431702,242.64706421,1431073,0,1,181.56964291,yahoo_bootstrap
2021-12-08,247.05882263,248.03921509,239.70588684,242.64706421,1704509,0,1,181.56964291,yahoo_bootstrap
2021-12-09,244.11764526,246.56863403,241.66667175,244.11764526,951536,0,1,182.67005958,yahoo_bootstrap
2021-12-10,245.09803772,245.09803772,239.21568298,242.15686035,854844,0,1,181.20282973,yahoo_bootstrap
2021-12-13,244.11764526,244.60784912,242.64706421,243.13725281,180779,0,1,181.93644466,yahoo_bootstrap
2021-12-14,244.60784912,246.56863403,239.21568298,243.13725281,1050923,0,1,181.93644466,yahoo_bootstrap
2021-12-15,243.62745667,243.62745667,239.21568298,241.1764679,886708,0,1,180.46921481,yahoo_bootstrap
2021-12-16,242.64706421,242.64706421,237.74510193,240.19607544,812013,0,1,179.73559988,yahoo_bootstrap
2021-12-17,239.70588684,247.05882263,239.70588684,242.15686035,1637729,0,1,181.20282973,yahoo_bootstrap
2021-12-20,242.15686035,242.15686035,236.76470947,237.25489807,1102253,0,1,177.5347551,yahoo_bootstrap
2021-12-21,239.21568298,243.13725281,238.72549438,243.13725281,733117,0,1,181.93644466,yahoo_bootstrap
2021-12-22,240.6862793,244.60784912,240.6862793,241.66667175,428456,0,1,180.83602798,yahoo_bootstrap
2021-12-23,241.66667175,244.11764526,241.66667175,243.62745667,368830,0,1,182.30325784,yahoo_bootstrap
2021-12-24,243.62745667,247.05882263,243.62745667,245.58824158,1090402,0,1,183.77048769,yahoo_bootstrap
2021-12-27,245.58824158,246.07843018,243.13725281,243.62745667,271420,0,1,182.30325784,yahoo_bootstrap
2021-12-28,242.64706421,244.11764526,242.15686035,242.64706421,290367,0,1,181.56964291,yahoo_bootstrap
2021-12-29,244.11764526,245.09803772,242.15686035,243.62745667,332396,0,1,182.30325784,yahoo_bootstrap
2021-12-30,242.64706421,244.11764526,240.19607544,242.15686035,513903,0,1,181.20282973,yahoo_bootstrap
2022-01-03,244.11764526,250.4901886,240.6862793,241.66667175,1185396,0,1,180.83602798,yahoo_bootstrap
2022-01-04,244.60784912,250.4901886,241.66667175,248.52940369,2368261,0,1,185.97132105,yahoo_bootstrap
2022-01-05,260.78430176,266.66665649,251.96078491,251.96078491,3850412,0,1,188.538979,yahoo_bootstrap
2022-01-06,250.98039246,254.41175842,248.52940369,250.4901886,1917840,0,1,187.4385509,yahoo_bootstrap
2022-01-07,250.98039246,250.98039246,243.62745667,245.09803772,1225240,0,1,183.40367451,yahoo_bootstrap
2022-01-10,244.60784912,244.60784912,240.19607544,243.13725281,1053385,0,1,181.93644466,yahoo_bootstrap
2022-01-11,245.09803772,245.09803772,238.23529053,239.21568298,1077917,0,1,179.00198495,yahoo_bootstrap
2022-01-12,240.19607544,240.19607544,235.29411316,238.72549438,1322246,0,1,178.6351832,yahoo_bootstrap
2022-01-13,240.19607544,241.66667175,235.29411316,237.25489807,695360,0,1,177.5347551,yahoo_bootstrap
2022-01-14,235.78431702,236.76470947,233.33332825,235.78431702,521569,0,1,176.43433842,yahoo_bootstrap
2022-01-17,235.78431702,237.25489807,233.33332825,236.27450562,459174,0,1,176.80114018,yahoo_bootstrap
2022-01-18,240.19607544,244.11764526,234.80392456,234.80392456,1868037,0,1,175.70072349,yahoo_bootstrap
2022-01-19,235.29411316,238.23529053,234.80392456,235.78431702,873365,0,1,176.43433842,yahoo_bootstrap
2022-01-20,235.78431702,240.6862793,234.3137207,240.19607544,714562,0,1,179.73559988,yahoo_bootstrap
2022-01-21,238.23529053,238.72549438,235.29411316,235.29411316,551449,0,1,176.06752525,yahoo_bootstrap
2022-01-24,231.86274719,231.86274719,225.98039246,228.92156982,1696798,0,1,171.29903393,yahoo_bootstrap
2022-01-25,228.43136597,228.92156982,222.54902649,228.43136597,1709569,0,1,170.93222077,yahoo_bootstrap
2022-01-26,227.45097351,228.43136597,221.56863403,226.96078491,2086686,0,1,169.83180408,yahoo_bootstrap
2022-02-07,225.98039246,225.98039246,219.60784912,220.58824158,1682347,0,1,165.06331277,yahoo_bootstrap
2022-02-08,222.05882263,223.52940369,219.60784912,220.58824158,2068595,0,1,165.06331277,yahoo_bootstrap
2022-02-09,225,229.90196228,224.01960754,229.41175842,1636357,0,1,171.66583569,yahoo_bootstrap
2022-02-10,229.41175842,230.88235474,222.54902649,224.50979614,1708571,0,1,167.99776106,yahoo_bootstrap
2022-02-11,225.4901886,226.96078491,220.58824158,226.96078491,1338613,0,1,169.83180408,yahoo_bootstrap
2022-02-14,224.50979614,224.50979614,221.07843018,221.56863403,508266,0,1,165.79692769,yahoo_bootstrap
2022-02-15,221.07843018,223.03921509,220.09803772,220.58824158,507319,0,1,165.06331277,yahoo_bootstrap
2022-02-16,222.05882263,223.52940369,221.07843018,223.03921509,522306,0,1,166.89734438,yahoo_bootstrap
2022-02-17,223.52940369,225,222.05882263,224.01960754,776750,0,1,167.6309593,yahoo_bootstrap
2022-02-18,222.54902649,222.54902649,220.58824158,222.54902649,409200,0,1,166.53054262,yahoo_bootstrap
2022-02-21,221.56863403,222.54902649,220.58824158,221.56863403,374075,0,1,165.79692769,yahoo_bootstrap
2022-02-22,221.56863403,223.52940369,220.09803772,221.56863403,667590,0,1,165.79692769,yahoo_bootstrap
2022-02-23,221.56863403,223.03921509,220.58824158,221.56863403,375914,0,1,165.79692769,yahoo_bootstrap
2022-02-24,220.58824158,220.58824158,211.76470947,214.21568298,1054986,0,1,160.29481004,yahoo_bootstrap
2022-02-25,215.6862793,216.1764679,209.80392456,215.6862793,1372402,0,1,161.39523814,yahoo_bootstrap
2022-03-01,215.6862793,220.58824158,215.6862793,218.62745667,547233,0,1,163.59608292,yahoo_bootstrap
2022-03-02,218.62745667,221.56863403,218.13725281,220.58824158,819287,0,1,165.06331277,yahoo_bootstrap
2022-03-03,224.01960754,226.47058105,218.13725281,221.56863403,1702815,0,1,165.79692769,yahoo_bootstrap
2022-03-04,221.56863403,222.05882263,213.72549438,218.62745667,2086277,0,1,163.59608292,yahoo_bootstrap
2022-03-07,217.15686035,218.62745667,210.78431702,211.27450562,1714821,0,1,158.09396526,yahoo_bootstrap
2022-03-08,207.84313965,208.8235321,197.05882263,200,2779818,0,1,149.65739932,yahoo_bootstrap
2022-03-09,204.90196228,204.90196228,200.98039246,203.43136597,708055,0,1,152.22504585,yahoo_bootstrap
2022-03-10,203.92156982,206.86274719,188.23529053,193.62745667,5108162,0,1,144.88890801,yahoo_bootstrap
2022-03-11,192.15686035,195.09803772,186.27450562,193.13725281,3161432,0,1,144.52209483,yahoo_bootstrap
2022-03-14,194.60784912,196.56863403,192.64706421,195.58824158,1554610,0,1,146.35613786,yahoo_bootstrap
2022-03-15,195.09803772,195.09803772,189.21568298,189.70588684,661427,0,1,141.9544483,yahoo_bootstrap
2022-03-16,193.62745667,193.62745667,188.72549438,190.6862793,817436,0,1,142.68806323,yahoo_bootstrap
2022-03-17,193.13725281,195.58824158,191.66667175,192.64706421,763148,0,1,144.15529308,yahoo_bootstrap
2022-03-18,192.64706421,194.60784912,191.1764679,192.15686035,726835,0,1,143.7884799,yahoo_bootstrap
2022-03-21,192.64706421,197.05882263,192.64706421,194.60784912,928428,0,1,145.62252293,yahoo_bootstrap
2022-03-22,194.11764526,194.11764526,190.19607544,191.66667175,801799,0,1,143.42167815,yahoo_bootstrap
2022-03-23,194.60784912,199.50979614,194.11764526,198.52940369,1623771,0,1,148.55697122,yahoo_bootstrap
2022-03-24,195.58824158,200,195.58824158,196.56863403,1416258,0,1,147.08975278,yahoo_bootstrap
2022-03-25,199.50979614,200.4901886,192.64706421,193.13725281,1196532,0,1,144.52209483,yahoo_bootstrap
2022-03-28,193.13725281,195.58824158,191.1764679,195.09803772,1013972,0,1,145.98932468,yahoo_bootstrap
2022-03-29,195.09803772,196.07843018,192.15686035,192.64706421,1040285,0,1,144.15529308,yahoo_bootstrap
2022-03-30,194.11764526,203.92156982,194.11764526,202.94117737,2389092,0,1,151.8582441,yahoo_bootstrap
2022-03-31,202.45097351,203.43136597,199.01960754,201.47058105,1385717,0,1,150.75781599,yahoo_bootstrap
2022-04-01,200.4901886,202.45097351,196.56863403,202.45097351,1016642,0,1,151.49143092,yahoo_bootstrap
2022-04-06,201.96078491,203.92156982,196.07843018,202.94117737,2012726,0,1,151.8582441,yahoo_bootstrap
2022-04-07,200,202.94117737,196.07843018,196.56863403,2372331,0,1,147.08975278,yahoo_bootstrap
2022-04-08,196.56863403,197.54902649,194.60784912,197.05882263,1038401,0,1,147.45655454,yahoo_bootstrap
2022-04-11,197.05882263,197.05882263,191.1764679,191.1764679,1464616,0,1,143.05486498,yahoo_bootstrap
2022-04-12,189.21568298,191.1764679,186.27450562,187.74510193,1642376,0,1,140.48721845,yahoo_bootstrap
2022-04-13,188.23529053,192.15686035,186.76470947,188.23529053,2193975,0,1,140.8540202,yahoo_bootstrap
2022-04-14,181.37254333,181.86274719,177.94117737,179.41175842,1286985,9.313725,1,141.23991912,yahoo_bootstrap
2022-04-15,178.92156982,178.92156982,170.58824158,171.56863403,1724767,0,1,135.06550634,yahoo_bootstrap
2022-04-18,172.05882263,172.05882263,166.1764679,168.62745667,3816093,0,1,132.75009705,yahoo_bootstrap
2022-04-19,169.60784912,173.52940369,168.62745667,172.05882263,1754608,0,1,135.45140188,yahoo_bootstrap
2022-04-20,170.58824158,172.05882263,166.66667175,170.58824158,3266932,0,1,134.29370325,yahoo_bootstrap
2022-04-21,175.4901886,186.76470947,173.52940369,186.76470947,4779286,0,1,147.02844837,yahoo_bootstrap
2022-04-22,185.29411316,190.19607544,181.37254333,185.78431702,4798467,0,1,146.25664528,yahoo_bootstrap
2022-04-25,180.39215088,180.39215088,174.01960754,176.47058105,2092693,0,1,138.92450982,yahoo_bootstrap
2022-04-26,176.47058105,183.8235321,176.47058105,181.86274719,2355384,0,1,143.16943288,yahoo_bootstrap
2022-04-27,176.47058105,176.47058105,172.54902649,175.98039246,1482366,0,1,138.53861429,yahoo_bootstrap
2022-04-28,175.98039246,177.45097351,173.03921509,174.50979614,752070,0,1,137.38090363,yahoo_bootstrap
2022-04-29,175.4901886,183.8235321,175.4901886,179.41175842,2892829,0,1,141.23991912,yahoo_bootstrap
2022-05-03,183.33332825,183.33332825,173.52940369,175.4901886,1361998,0,1,138.15270673,yahoo_bootstrap
2022-05-04,176.47058105,180.88235474,176.47058105,176.96078491,1329162,0,1,139.31041738,yahoo_bootstrap
2022-05-05,179.90196228,179.90196228,175,176.47058105,2175752,0,1,138.92450982,yahoo_bootstrap
2022-05-06,167.64706421,167.64706421,158.8235321,160.29411316,7729265,0,1,126.1897647,yahoo_bootstrap
2022-05-09,157.35293579,159.80392456,153.92156982,156.37254333,4343724,0,1,123.10255229,yahoo_bootstrap
2022-05-10,153.92156982,157.84313965,151.96078491,155.39215088,3461218,0,1,122.3307492,yahoo_bootstrap
2022-05-11,154.41175842,160.29411316,152.94117737,156.86274719,3166702,0,1,123.48845985,yahoo_bootstrap
2022-05-12,154.90196228,159.80392456,154.90196228,159.80392456,1488904,0,1,125.80386915,yahoo_bootstrap
2022-05-13,160.29411316,164.70588684,159.3137207,162.25489807,1616512,0,1,127.73337089,yahoo_bootstrap
2022-05-16,164.21568298,164.70588684,159.80392456,161.27450562,962038,0,1,126.9615678,yahoo_bootstrap
2022-05-17,161.76470947,167.15686035,161.76470947,166.1764679,1520679,0,1,130.82058329,yahoo_bootstrap
2022-05-18,164.70588684,167.64706421,163.72549438,167.64706421,1419359,0,1,131.97829395,yahoo_bootstrap
2022-05-19,161.76470947,161.76470947,156.86274719,158.8235321,2431222,0,1,125.03206605,yahoo_bootstrap
2022-05-20,159.3137207,160.29411316,156.37254333,156.86274719,1373013,0,1,123.48845985,yahoo_bootstrap
2022-05-23,156.86274719,157.84313965,153.43136597,155.39215088,2374454,0,1,122.3307492,yahoo_bootstrap
2022-05-24,155.88235474,157.84313965,153.92156982,154.90196228,909388,0,1,121.94485365,yahoo_bootstrap
2022-05-25,154.90196228,155.88235474,151.47058105,153.92156982,1536565,0,1,121.17305055,yahoo_bootstrap
2022-05-26,154.41175842,155.88235474,151.96078491,152.45097351,1762483,0,1,120.0153399,yahoo_bootstrap
2022-05-27,153.92156982,154.90196228,151.47058105,152.45097351,2326991,0,1,120.0153399,yahoo_bootstrap
2022-05-30,154.41175842,158.33332825,153.92156982,157.35293579,1092570,0,1,123.8743554,yahoo_bootstrap
2022-05-31,156.86274719,160.78431702,156.37254333,160.78431702,1560566,0,1,126.57567225,yahoo_bootstrap
2022-06-01,160.29411316,162.25489807,159.80392456,159.80392456,685750,0,1,125.80386915,yahoo_bootstrap
2022-06-02,159.80392456,161.27450562,157.84313965,160.78431702,522006,0,1,126.57567225,yahoo_bootstrap
2022-06-06,161.27450562,162.25489807,159.80392456,161.76470947,370458,0,1,127.34747535,yahoo_bootstrap
2022-06-07,164.70588684,164.70588684,158.8235321,159.3137207,1278060,0,1,125.41796159,yahoo_bootstrap
2022-06-08,160.78431702,165.19607544,160.78431702,163.23529053,2434250,0,1,128.50517399,yahoo_bootstrap
2022-06-09,161.76470947,163.23529053,159.80392456,162.74510193,1430948,0,1,128.11927845,yahoo_bootstrap
2022-06-10,161.27450562,163.72549438,159.80392456,163.72549438,692071,0,1,128.89108154,yahoo_bootstrap
2022-06-13,160.29411316,160.29411316,156.86274719,159.80392456,997487,0,1,125.80386915,yahoo_bootstrap
2022-06-14,158.8235321,159.80392456,156.86274719,159.3137207,675036,0,1,125.41796159,yahoo_bootstrap
2022-06-15,158.8235321,159.80392456,156.86274719,158.33332825,1276526,0,1,124.6461585,yahoo_bootstrap
2022-06-16,160.78431702,163.23529053,154.90196228,155.39215088,1811289,0,1,122.3307492,yahoo_bootstrap
2022-06-17,154.41175842,162.25489807,152.94117737,156.37254333,2959443,0,1,123.10255229,yahoo_bootstrap
2022-06-20,159.80392456,159.80392456,154.41175842,154.41175842,1255891,0,1,121.5589461,yahoo_bootstrap
2022-06-21,156.86274719,159.3137207,155.39215088,158.8235321,670379,0,1,125.03206605,yahoo_bootstrap
2022-06-22,159.80392456,161.27450562,157.84313965,159.3137207,1268550,0,1,125.41796159,yahoo_bootstrap
2022-06-23,160.78431702,161.27450562,157.35293579,159.80392456,1186184,0,1,125.80386915,yahoo_bootstrap
2022-06-24,160.78431702,161.27450562,155.88235474,159.3137207,1718000,0,1,125.41796159,yahoo_bootstrap
2022-06-27,160.29411316,160.78431702,157.84313965,160.29411316,1232344,0,1,126.1897647,yahoo_bootstrap
2022-06-28,159.3137207,159.80392456,154.90196228,155.39215088,1340352,0,1,122.3307492,yahoo_bootstrap
2022-06-29,150,150,140.19607544,141.1764679,7576011,0,1,111.13961027,yahoo_bootstrap
2022-06-30,140.19607544,141.1764679,133.8235321,138.23529053,5182140,0,1,108.82420097,yahoo_bootstrap
2022-07-01,137.74510193,140.6862793,135.78431702,136.76470947,1620510,0,1,107.66650232,yahoo_bootstrap
2022-07-04,136.27450562,138.72549438,134.80392456,135.78431702,989968,0,1,106.89469923,yahoo_bootstrap
2022-07-05,138.72549438,142.15686035,137.25489807,139.21568298,1209159,0,1,109.59600406,yahoo_bootstrap
2022-07-06,139.70588684,141.66667175,138.72549438,139.21568298,983907,0,1,109.59600406,yahoo_bootstrap
2022-07-07,139.21568298,144.60784912,138.23529053,144.11764526,1614607,0,1,113.45501956,yahoo_bootstrap
2022-07-08,143.62745667,146.07843018,141.1764679,144.60784912,1482632,0,1,113.84092712,yahoo_bootstrap
2022-07-11,145.58824158,146.07843018,142.64706421,142.64706421,427155,0,1,112.29732092,yahoo_bootstrap
2022-07-12,138.23529053,138.23529053,132.35293579,133.8235321,2717350,0,1,105.35109302,yahoo_bootstrap
2022-07-13,137.25489807,137.25489807,131.86274719,132.84313965,3052491,0,1,104.57928993,yahoo_bootstrap
2022-07-14,133.33332825,136.27450562,131.37254333,135.29411316,2594268,0,1,106.50879167,yahoo_bootstrap
2022-07-15,135.29411316,136.27450562,132.84313965,135.29411316,1342036,0,1,106.50879167,yahoo_bootstrap
2022-07-18,137.74510193,141.1764679,136.76470947,137.74510193,1641741,0,1,108.43830542,yahoo_bootstrap
2022-07-19,137.74510193,140.6862793,137.74510193,140.19607544,1038773,0,1,110.36780717,yahoo_bootstrap
2022-07-20,141.1764679,143.62745667,139.21568298,140.19607544,1988137,0,1,110.36780717,yahoo_bootstrap
2022-07-21,141.1764679,143.13725281,139.21568298,142.64706421,1331633,0,1,112.29732092,yahoo_bootstrap
2022-07-22,142.15686035,144.11764526,140.6862793,141.66667175,1164661,0,1,111.52551782,yahoo_bootstrap
2022-07-25,141.1764679,142.15686035,139.70588684,141.66667175,617559,0,1,111.52551782,yahoo_bootstrap
2022-07-26,141.66667175,141.66667175,134.80392456,135.78431702,1655871,0,1,106.89469923,yahoo_bootstrap
2022-07-27,135.29411316,136.76470947,132.35293579,136.27450562,1362250,0,1,107.28059477,yahoo_bootstrap
2022-07-28,137.25489807,137.25489807,132.35293579,132.84313965,1849860,0,1,104.57928993,yahoo_bootstrap
2022-07-29,134.3137207,140.6862793,133.8235321,138.72549438,2101719,0,1,109.21010852,yahoo_bootstrap
2022-08-01,140.19607544,143.62745667,139.70588684,141.1764679,1404173,0,1,111.13961027,yahoo_bootstrap
2022-08-02,139.21568298,141.66667175,137.25489807,140.19607544,1341598,0,1,110.36780717,yahoo_bootstrap
2022-08-03,139.21568298,142.64706421,139.21568298,142.15686035,1469565,0,1,111.91141336,yahoo_bootstrap
2022-08-04,145.58824158,150,141.1764679,149.01960754,7156581,0,1,117.31403506,yahoo_bootstrap
2022-08-05,153.92156982,162.74510193,152.94117737,159.3137207,9617942,0,1,125.41796159,yahoo_bootstrap
2022-08-08,159.3137207,162.25489807,156.86274719,159.3137207,3102422,0,1,125.41796159,yahoo_bootstrap
2022-08-09,159.3137207,162.74510193,157.84313965,162.25489807,2236350,0,1,127.73337089,yahoo_bootstrap
2022-08-10,156.86274719,159.80392456,154.41175842,159.3137207,4115394,0,1,125.41796159,yahoo_bootstrap
2022-08-11,164.21568298,175,164.21568298,175,9991488,0,1,137.76681118,yahoo_bootstrap
2022-08-12,176.96078491,180.88235474,173.52940369,180.39215088,12991964,0,1,142.01172223,yahoo_bootstrap
2022-08-15,181.37254333,182.84313965,178.43136597,181.37254333,4694890,0,1,142.78352532,yahoo_bootstrap
2022-08-16,178.43136597,180.39215088,175.4901886,179.41175842,2469858,0,1,141.23991912,yahoo_bootstrap
2022-08-17,179.41175842,181.86274719,177.94117737,179.90196228,2057336,0,1,141.62582668,yahoo_bootstrap
2022-08-18,175.4901886,178.92156982,172.05882263,177.94117737,3991860,0,1,140.08222048,yahoo_bootstrap
2022-08-19,175,177.45097351,173.52940369,174.50979614,2433398,0,1,137.38090363,yahoo_bootstrap
2022-08-22,171.07843018,174.50979614,170.58824158,172.05882263,1505520,0,1,135.45140188,yahoo_bootstrap
2022-08-23,171.07843018,177.94117737,170.58824158,174.01960754,3593079,0,1,136.99500808,yahoo_bootstrap
2022-08-24,174.50979614,179.90196228,174.01960754,179.41175842,3726074,0,1,141.23991912,yahoo_bootstrap
2022-08-25,181.37254333,184.3137207,178.43136597,183.33332825,4617407,0,1,144.32713152,yahoo_bootstrap
2022-08-26,184.3137207,185.78431702,179.90196228,180.88235474,1976167,0,1,142.39762978,yahoo_bootstrap
2022-08-29,174.01960754,176.96078491,173.03921509,175,1793285,0,1,137.76681118,yahoo_bootstrap
2022-08-30,174.50979614,176.47058105,173.03921509,174.50979614,1466815,0,1,137.38090363,yahoo_bootstrap
2022-08-31,178.43136597,182.35293579,175.4901886,176.96078491,4727011,0,1,139.31041738,yahoo_bootstrap
2022-09-01,177.94117737,182.35293579,175.4901886,181.37254333,4938490,0,1,142.78352532,yahoo_bootstrap
2022-09-02,181.37254333,188.72549438,179.41175842,181.37254333,5241236,0,1,142.78352532,yahoo_bootstrap
2022-09-05,191.1764679,196.56863403,184.80392456,185.29411316,9729971,0,1,145.87073772,yahoo_bootstrap
2022-09-06,187.25489807,193.13725281,181.86274719,183.33332825,3758841,0,1,144.32713152,yahoo_bootstrap
2022-09-07,183.33332825,185.78431702,178.92156982,184.80392456,1954063,0,1,145.48484218,yahoo_bootstrap
2022-09-08,184.80392456,194.11764526,182.84313965,194.11764526,4316633,0,1,152.81696561,yahoo_bootstrap
2022-09-12,195.09803772,196.56863403,192.15686035,193.13725281,2626060,0,1,152.04516252,yahoo_bootstrap
2022-09-13,197.54902649,203.43136597,195.58824158,200.4901886,6485914,0,1,157.83367976,yahoo_bootstrap
2022-09-14,197.54902649,204.41175842,196.07843018,200.98039246,5655704,0,1,158.21958731,yahoo_bootstrap
2022-09-15,203.92156982,208.33332825,201.47058105,206.37254333,4122933,0,1,162.46449835,yahoo_bootstrap
2022-09-16,205.88235474,206.86274719,196.56863403,200.4901886,4398132,0,1,157.83367976,yahoo_bootstrap
2022-09-19,200,200,194.60784912,197.54902649,1619974,0,1,155.51828247,yahoo_bootstrap
2022-09-20,200,200,196.56863403,198.03921509,1028134,0,1,155.90417801,yahoo_bootstrap
2022-09-21,198.03921509,200,195.09803772,197.05882263,1216590,0,1,155.13237491,yahoo_bootstrap
2022-09-22,193.13725281,194.11764526,191.1764679,192.15686035,2619915,0,1,151.27335941,yahoo_bootstrap
2022-09-23,191.66667175,196.07843018,190.6862793,192.15686035,1739319,0,1,151.27335941,yahoo_bootstrap
2022-09-26,190.19607544,190.19607544,183.8235321,186.27450562,2025768,0,1,146.64254082,yahoo_bootstrap
2022-09-27,186.76470947,192.15686035,186.76470947,191.1764679,1266594,0,1,150.50155632,yahoo_bootstrap
2022-09-28,191.1764679,191.1764679,184.3137207,185.29411316,1357872,0,1,145.87073772,yahoo_bootstrap
2022-09-29,189.21568298,194.11764526,184.3137207,188.23529053,3810787,0,1,148.18614702,yahoo_bootstrap
2022-09-30,183.33332825,184.3137207,175,179.90196228,3596106,0,1,141.62582668,yahoo_bootstrap
2022-10-03,173.52940369,179.90196228,173.03921509,179.41175842,1990484,0,1,141.23991912,yahoo_bootstrap
2022-10-04,181.86274719,186.27450562,181.86274719,184.3137207,1065216,0,1,145.09893462,yahoo_bootstrap
2022-10-05,186.27450562,187.74510193,179.41175842,187.25489807,2913711,0,1,147.41434392,yahoo_bootstrap
2022-10-06,188.23529053,194.60784912,186.76470947,194.60784912,2357932,0,1,153.20287317,yahoo_bootstrap
2022-10-07,193.13725281,197.54902649,191.66667175,193.62745667,1657647,0,1,152.43107008,yahoo_bootstrap
2022-10-11,190.6862793,193.62745667,189.21568298,190.6862793,1619016,0,1,150.11566078,yahoo_bootstrap
2022-10-12,189.21568298,197.05882263,189.21568298,197.05882263,2595467,0,1,155.13237491,yahoo_bootstrap
2022-10-13,196.07843018,198.03921509,189.21568298,192.15686035,1822186,0,1,151.27335941,yahoo_bootstrap
2022-10-14,198.03921509,200.4901886,194.60784912,195.09803772,2807338,0,1,153.58876871,yahoo_bootstrap
2022-10-17,195.58824158,195.58824158,190.19607544,191.1764679,1107010,0,1,150.50155632,yahoo_bootstrap
2022-10-18,193.13725281,196.07843018,190.6862793,192.64706421,1298748,0,1,151.65926697,yahoo_bootstrap
2022-10-19,193.62745667,201.96078491,193.62745667,197.54902649,2967431,0,1,155.51828247,yahoo_bootstrap
2022-10-20,196.07843018,196.07843018,185.78431702,191.66667175,3890497,0,1,150.88746387,yahoo_bootstrap
2022-10-21,192.64706421,194.60784912,188.23529053,189.21568298,1371594,0,1,148.95795012,yahoo_bootstrap
2022-10-24,192.15686035,193.62745667,188.72549438,188.72549438,876400,0,1,148.57205457,yahoo_bootstrap
2022-10-25,190.6862793,190.6862793,185.29411316,187.25489807,998946,0,1,147.41434392,yahoo_bootstrap
2022-10-26,189.70588684,191.1764679,187.25489807,190.6862793,1016728,0,1,150.11566078,yahoo_bootstrap
2022-10-27,192.15686035,198.03921509,191.66667175,197.54902649,1455720,0,1,155.51828247,yahoo_bootstrap
2022-10-28,196.56863403,199.50979614,194.60784912,196.56863403,703736,0,1,154.74647937,yahoo_bootstrap
2022-10-31,198.52940369,200.4901886,195.58824158,196.07843018,736562,0,1,154.36057182,yahoo_bootstrap
2022-11-01,196.07843018,200.4901886,195.58824158,199.50979614,584665,0,1,157.06187665,yahoo_bootstrap
2022-11-02,200.4901886,202.45097351,194.60784912,197.05882263,1802646,0,1,155.13237491,yahoo_bootstrap
2022-11-03,194.60784912,198.03921509,193.62745667,196.56863403,1755986,0,1,154.74647937,yahoo_bootstrap
2022-11-04,199.01960754,212.74510193,199.01960754,210.78431702,7545480,0,1,165.93761831,yahoo_bootstrap
2022-11-07,213.23529053,213.23529053,206.37254333,209.3137207,2021920,0,1,164.77990765,yahoo_bootstrap
2022-11-08,210.78431702,211.76470947,207.84313965,209.3137207,1736190,0,1,164.77990765,yahoo_bootstrap
2022-11-09,211.76470947,212.25489807,207.35293579,208.33332825,2061745,0,1,164.00810455,yahoo_bootstrap
2022-11-10,210.29411316,213.72549438,206.37254333,208.8235321,2189996,0,1,164.3940121,yahoo_bootstrap
2022-11-11,212.74510193,216.66667175,208.33332825,216.1764679,3411763,0,1,170.18252935,yahoo_bootstrap
2022-11-14,217.64706421,224.50979614,216.1764679,222.54902649,3007652,0,1,175.1992555,yahoo_bootstrap
2022-11-15,224.01960754,226.96078491,219.60784912,224.50979614,2553660,0,1,176.74284968,yahoo_bootstrap
2022-11-16,224.01960754,225.4901886,217.64706421,220.58824158,2996748,0,1,173.6556493,yahoo_bootstrap
2022-11-17,219.11764526,220.58824158,213.23529053,215.6862793,3402521,0,1,169.7966338,yahoo_bootstrap
2022-11-18,215.6862793,221.56863403,215.19607544,220.58824158,2188990,0,1,173.6556493,yahoo_bootstrap
2022-11-21,220.58824158,221.56863403,215.19607544,216.66667175,1497606,0,1,170.5684369,yahoo_bootstrap
2022-11-22,217.15686035,217.64706421,211.27450562,214.70588684,1744501,0,1,169.0248307,yahoo_bootstrap
2022-11-23,216.66667175,217.64706421,213.23529053,216.66667175,1513168,0,1,170.5684369,yahoo_bootstrap
2022-11-24,220.09803772,221.56863403,213.23529053,219.60784912,2083499,0,1,172.8838462,yahoo_bootstrap
2022-11-25,219.60784912,220.09803772,212.74510193,213.72549438,1383355,0,1,168.2530276,yahoo_bootstrap
2022-11-28,212.74510193,217.15686035,210.29411316,216.66667175,1395085,0,1,170.5684369,yahoo_bootstrap
2022-11-29,215.6862793,222.54902649,214.70588684,220.58824158,2038588,0,1,173.6556493,yahoo_bootstrap
2022-11-30,220.58824158,228.43136597,220.58824158,228.43136597,3108822,0,1,179.83006208,yahoo_bootstrap
2022-12-01,229.41175842,233.33332825,227.45097351,230.39215088,1533713,0,1,181.37366828,yahoo_bootstrap
2022-12-02,230.39215088,232.84313965,227.45097351,231.86274719,1308074,0,1,182.53137893,yahoo_bootstrap
2022-12-05,231.37254333,236.27450562,230.39215088,233.33332825,2185749,0,1,183.68907758,yahoo_bootstrap
2022-12-06,232.35293579,237.74510193,229.90196228,230.39215088,2054804,0,1,181.37366828,yahoo_bootstrap
2022-12-07,230.39215088,233.33332825,225.98039246,231.86274719,1348818,0,1,182.53137893,yahoo_bootstrap
2022-12-08,230.39215088,238.72549438,230.39215088,237.25489807,2106478,0,1,186.77628997,yahoo_bootstrap
2022-12-09,240.19607544,245.09803772,236.76470947,239.70588684,2561514,0,1,188.70580373,yahoo_bootstrap
2022-12-12,237.25489807,242.64706421,235.78431702,237.74510193,868501,0,1,187.16219753,yahoo_bootstrap
2022-12-13,237.74510193,240.6862793,233.8235321,233.8235321,1455786,0,1,184.07498513,yahoo_bootstrap
2022-12-14,234.3137207,238.72549438,233.33332825,238.23529053,831789,0,1,187.54809307,yahoo_bootstrap
2022-12-15,236.27450562,245.09803772,235.78431702,240.19607544,1754943,0,1,189.09169927,yahoo_bootstrap
2022-12-16,238.23529053,239.70588684,232.84313965,232.84313965,863333,0,1,183.30318203,yahoo_bootstrap
2022-12-19,229.90196228,238.23529053,229.90196228,235.78431702,787784,0,1,185.61859133,yahoo_bootstrap
2022-12-20,231.37254333,234.80392456,226.47058105,226.47058105,1011611,0,1,178.28645588,yahoo_bootstrap
2022-12-21,227.45097351,238.23529053,226.47058105,235.29411316,1559910,0,1,185.23268377,yahoo_bootstrap
2022-12-22,235.78431702,242.64706421,233.8235321,233.8235321,1304100,0,1,184.07498513,yahoo_bootstrap
2022-12-23,233.8235321,235.78431702,230.39215088,233.8235321,518711,0,1,184.07498513,yahoo_bootstrap
2022-12-26,233.8235321,235.29411316,231.37254333,232.35293579,290853,0,1,182.91727447,yahoo_bootstrap
2022-12-27,232.35293579,237.25489807,231.86274719,236.76470947,537374,0,1,186.39039443,yahoo_bootstrap
2022-12-28,235.78431702,238.72549438,232.84313965,235.78431702,846809,0,1,185.61859133,yahoo_bootstrap
2022-12-29,236.76470947,236.76470947,224.01960754,226.47058105,2140341,0,1,178.28645588,yahoo_bootstrap
2022-12-30,226.47058105,230.88235474,226.47058105,228.43136597,1200580,0,1,179.83006208,yahoo_bootstrap
2023-01-03,227.45097351,229.90196228,219.60784912,221.07843018,2809831,0,1,174.04154484,yahoo_bootstrap
2023-01-04,223.03921509,224.01960754,218.62745667,220.09803772,2078210,0,1,173.26974174,yahoo_bootstrap
2023-01-05,221.56863403,225.4901886,218.13725281,225.4901886,2006240,0,1,177.51465278,yahoo_bootstrap
2023-01-06,225.4901886,225.4901886,219.60784912,221.07843018,1661206,0,1,174.04154484,yahoo_bootstrap
2023-01-09,223.52940369,228.43136597,219.60784912,225.98039246,1809054,0,1,177.90056034,yahoo_bootstrap
2023-01-10,225.4901886,226.96078491,221.56863403,222.05882263,1284409,0,1,174.81334794,yahoo_bootstrap
2023-01-11,223.03921509,224.50979614,220.09803772,223.03921509,980322,0,1,175.58515104,yahoo_bootstrap
2023-01-12,223.52940369,224.50979614,220.58824158,223.52940369,929241,0,1,175.97104658,yahoo_bootstrap
2023-01-13,224.01960754,229.90196228,221.56863403,226.96078491,1907765,0,1,178.67236343,yahoo_bootstrap
2023-01-16,226.96078491,226.96078491,219.60784912,222.54902649,1795754,0,1,175.1992555,yahoo_bootstrap
2023-01-17,222.54902649,232.84313965,222.54902649,229.41175842,2705426,0,1,180.60186518,yahoo_bootstrap
2023-01-30,231.37254333,235.78431702,222.05882263,223.52940369,3209488,0,1,175.97104658,yahoo_bootstrap
2023-01-31,222.05882263,222.05882263,210.78431702,213.72549438,5405773,0,1,168.2530276,yahoo_bootstrap
2023-02-01,214.70588684,215.19607544,207.35293579,212.25489807,4176053,0,1,167.09531694,yahoo_bootstrap
2023-02-02,212.25489807,212.74510193,207.84313965,211.76470947,3581447,0,1,166.7094214,yahoo_bootstrap
2023-02-03,212.74510193,216.66667175,211.76470947,216.1764679,2341357,0,1,170.18252935,yahoo_bootstrap
2023-02-06,214.70588684,219.11764526,214.21568298,216.66667175,1538716,0,1,170.5684369,yahoo_bootstrap
2023-02-07,218.62745667,224.50979614,218.13725281,220.58824158,3289726,0,1,173.6556493,yahoo_bootstrap
2023-02-08,220.09803772,225,219.60784912,223.52940369,2383108,0,1,175.97104658,yahoo_bootstrap
2023-02-09,222.54902649,224.50979614,218.62745667,219.60784912,1454693,0,1,172.8838462,yahoo_bootstrap
2023-02-10,219.11764526,219.11764526,212.25489807,212.25489807,2106603,0,1,167.09531694,yahoo_bootstrap
2023-02-13,213.23529053,213.72549438,209.80392456,212.25489807,922301,0,1,167.09531694,yahoo_bootstrap
2023-02-14,213.72549438,216.66667175,213.72549438,216.66667175,989201,0,1,170.5684369,yahoo_bootstrap
2023-02-15,215.6862793,218.13725281,215.6862793,217.15686035,823395,0,1,170.95433244,yahoo_bootstrap
2023-02-16,218.62745667,218.62745667,215.19607544,216.66667175,897860,0,1,170.5684369,yahoo_bootstrap
2023-02-17,216.66667175,216.66667175,210.78431702,211.27450562,1848531,0,1,166.32351385,yahoo_bootstrap
2023-02-20,211.27450562,214.21568298,209.3137207,213.23529053,1718906,0,1,167.86712005,yahoo_bootstrap
2023-02-21,213.23529053,215.6862793,212.25489807,214.70588684,926486,0,1,169.0248307,yahoo_bootstrap
2023-02-22,213.23529053,216.1764679,211.27450562,215.19607544,1234323,0,1,169.41072624,yahoo_bootstrap
2023-02-23,215.19607544,217.15686035,213.72549438,214.21568298,1532289,0,1,168.63892314,yahoo_bootstrap
2023-02-24,214.21568298,214.70588684,208.8235321,210.29411316,1737412,0,1,165.55171075,yahoo_bootstrap
2023-03-01,198.03921509,212.74510193,197.05882263,211.27450562,3755773,0,1,166.32351385,yahoo_bootstrap
2023-03-02,211.27450562,218.62745667,211.27450562,213.72549438,2003749,0,1,168.2530276,yahoo_bootstrap
2023-03-03,215.6862793,215.6862793,207.84313965,208.33332825,2633899,0,1,164.00810455,yahoo_bootstrap
2023-03-06,205.39215088,206.86274719,201.96078491,205.39215088,2856604,0,1,161.69269525,yahoo_bootstrap
2023-03-07,205.39215088,214.21568298,205.39215088,212.74510193,3255416,0,1,167.4812245,yahoo_bootstrap
2023-03-08,211.27450562,216.1764679,210.78431702,214.21568298,1530451,0,1,168.63892314,yahoo_bootstrap
2023-03-09,214.70588684,216.1764679,212.74510193,214.70588684,1015210,0,1,169.0248307,yahoo_bootstrap
2023-03-10,212.74510193,213.23529053,210.78431702,211.76470947,764189,0,1,166.7094214,yahoo_bootstrap
2023-03-13,209.80392456,217.64706421,209.3137207,217.15686035,1363218,0,1,170.95433244,yahoo_bootstrap
2023-03-14,214.21568298,214.70588684,209.80392456,209.80392456,1702566,0,1,165.1658152,yahoo_bootstrap
2023-03-15,217.64706421,220.58824158,214.21568298,219.11764526,3107020,0,1,172.49793864,yahoo_bootstrap
2023-03-16,217.15686035,217.64706421,212.74510193,213.72549438,1878910,0,1,168.2530276,yahoo_bootstrap
2023-03-17,215.6862793,218.13725281,213.72549438,216.66667175,1213147,0,1,170.5684369,yahoo_bootstrap
2023-03-20,216.66667175,221.56863403,215.6862793,218.13725281,1730243,0,1,171.72613554,yahoo_bootstrap
2023-03-21,218.62745667,223.52940369,218.13725281,223.03921509,2077704,0,1,175.58515104,yahoo_bootstrap
2023-03-22,224.01960754,226.47058105,222.54902649,224.01960754,2060415,0,1,176.35695413,yahoo_bootstrap
2023-03-23,223.03921509,227.94117737,222.54902649,227.94117737,1837904,0,1,179.44416654,yahoo_bootstrap
2023-03-24,230.39215088,230.39215088,225.98039246,226.96078491,2515922,0,1,178.67236343,yahoo_bootstrap
2023-03-27,228.43136597,232.35293579,227.45097351,231.37254333,2539132,0,1,182.14547137,yahoo_bootstrap
2023-03-28,232.35293579,233.33332825,228.92156982,231.37254333,3651427,0,1,182.14547137,yahoo_bootstrap
2023-03-29,231.37254333,233.33332825,228.92156982,230.88235474,3391062,0,1,181.75957584,yahoo_bootstrap
2023-03-30,230.88235474,230.88235474,214.21568298,217.15686035,5663193,14.215686,1,182.17079284,yahoo_bootstrap
2023-03-31,217.15686035,217.64706421,211.76470947,211.76470947,1991388,0,1,177.64736955,yahoo_bootstrap
2023-04-06,210.78431702,211.76470947,207.84313965,211.27450562,1922886,0,1,177.23614227,yahoo_bootstrap
2023-04-07,211.27450562,214.21568298,211.27450562,213.72549438,501209,0,1,179.29225307,yahoo_bootstrap
2023-04-10,215.19607544,215.6862793,213.23529053,215.19607544,892734,0,1,180.52590932,yahoo_bootstrap
2023-04-11,215.19607544,218.13725281,215.19607544,217.64706421,1431573,0,1,182.58202013,yahoo_bootstrap
2023-04-12,218.62745667,220.58824158,217.15686035,219.11764526,1107893,0,1,183.81567637,yahoo_bootstrap
2023-04-13,219.11764526,219.60784912,217.15686035,218.13725281,735570,0,1,182.99323461,yahoo_bootstrap
2023-04-14,219.60784912,225.4901886,219.11764526,223.52940369,2336991,0,1,187.5166579,yahoo_bootstrap
2023-04-17,223.03921509,223.52940369,218.13725281,219.60784912,1388628,0,1,184.22690365,yahoo_bootstrap
2023-04-18,218.62745667,220.09803772,216.66667175,218.13725281,1502443,0,1,182.99323461,yahoo_bootstrap
2023-04-19,217.15686035,220.09803772,216.66667175,219.11764526,837380,0,1,183.81567637,yahoo_bootstrap
2023-04-20,219.11764526,219.11764526,213.72549438,213.72549438,943880,0,1,179.29225307,yahoo_bootstrap
2023-04-21,213.72549438,216.1764679,212.74510193,213.72549438,923247,0,1,179.29225307,yahoo_bootstrap
2023-04-24,213.23529053,217.64706421,212.74510193,216.1764679,893853,0,1,181.34835109,yahoo_bootstrap
2023-04-25,216.1764679,217.15686035,212.25489807,212.74510193,852778,0,1,178.46981131,yahoo_bootstrap
2023-04-26,212.74510193,220.58824158,211.76470947,220.58824158,1298691,0,1,185.04934542,yahoo_bootstrap
2023-04-27,220.09803772,221.56863403,217.15686035,219.11764526,1151614,0,1,183.81567637,yahoo_bootstrap
2023-04-28,219.60784912,220.58824158,217.64706421,218.13725281,1324419,0,1,182.99323461,yahoo_bootstrap
2023-05-02,218.13725281,221.56863403,217.64706421,221.07843018,888465,0,1,185.4605599,yahoo_bootstrap
2023-05-03,220.09803772,225.4901886,220.09803772,223.52940369,1370197,0,1,187.5166579,yahoo_bootstrap
2023-05-04,222.54902649,229.41175842,222.54902649,226.96078491,1831797,0,1,190.39521047,yahoo_bootstrap
2023-05-05,228.43136597,228.43136597,222.05882263,222.05882263,1298674,0,1,186.28300166,yahoo_bootstrap
2023-05-08,224.01960754,226.96078491,223.52940369,226.47058105,934825,0,1,189.98398319,yahoo_bootstrap
2023-05-09,225.4901886,226.47058105,220.58824158,223.03921509,1274729,0,1,187.10544342,yahoo_bootstrap
2023-05-10,224.50979614,224.50979614,221.56863403,223.03921509,568264,0,1,187.10544342,yahoo_bootstrap
2023-05-11,223.03921509,224.50979614,220.58824158,221.56863403,1036345,0,1,185.87178717,yahoo_bootstrap
2023-05-12,221.07843018,225.98039246,219.60784912,225,880485,0,1,188.75032695,yahoo_bootstrap
2023-05-15,224.50979614,228.92156982,223.52940369,224.01960754,1129497,0,1,187.92788518,yahoo_bootstrap
2023-05-16,223.03921509,225.4901886,220.58824158,221.07843018,1366523,0,1,185.4605599,yahoo_bootstrap
2023-05-17,221.56863403,222.05882263,219.60784912,220.09803772,1417128,0,1,184.63811813,yahoo_bootstrap
2023-05-18,220.09803772,224.01960754,220.09803772,222.54902649,1185029,0,1,186.69422894,yahoo_bootstrap
2023-05-19,222.05882263,228.43136597,222.05882263,225.98039246,1751577,0,1,189.57276871,yahoo_bootstrap
2023-05-22,227.45097351,227.45097351,220.09803772,223.03921509,2793357,0,1,187.10544342,yahoo_bootstrap
2023-05-23,222.54902649,223.52940369,220.58824158,221.07843018,809007,0,1,185.4605599,yahoo_bootstrap
2023-05-24,221.07843018,221.56863403,218.62745667,219.60784912,1075222,0,1,184.22690365,yahoo_bootstrap
2023-05-25,220.09803772,220.09803772,215.6862793,218.13725281,1264973,0,1,182.99323461,yahoo_bootstrap
2023-05-26,216.66667175,218.62745667,213.72549438,214.21568298,1488015,0,1,179.70346755,yahoo_bootstrap
2023-05-29,215.6862793,217.15686035,214.21568298,214.70588684,910374,0,1,180.11469484,yahoo_bootstrap
2023-05-30,215.6862793,215.6862793,209.80392456,211.76470947,1856698,0,1,177.64736955,yahoo_bootstrap
2023-05-31,211.76470947,213.72549438,210.78431702,213.72549438,1232292,0,1,179.29225307,yahoo_bootstrap
2023-06-01,214.70588684,219.11764526,212.74510193,218.13725281,1488607,0,1,182.99323461,yahoo_bootstrap
2023-06-02,220.58824158,229.41175842,220.09803772,226.96078491,5776399,0,1,190.39521047,yahoo_bootstrap
2023-06-05,225.4901886,233.8235321,222.54902649,223.03921509,3729305,0,1,187.10544342,yahoo_bootstrap
2023-06-06,224.01960754,224.01960754,217.15686035,219.11764526,3218386,0,1,183.81567637,yahoo_bootstrap
2023-06-07,219.60784912,223.52940369,217.64706421,222.54902649,1243763,0,1,186.69422894,yahoo_bootstrap
2023-06-08,222.54902649,227.45097351,222.54902649,222.54902649,1533490,0,1,186.69422894,yahoo_bootstrap
2023-06-09,223.52940369,225,221.56863403,223.52940369,988171,0,1,187.5166579,yahoo_bootstrap
2023-06-12,223.52940369,225,222.54902649,223.52940369,1043385,0,1,187.5166579,yahoo_bootstrap
2023-06-13,224.50979614,227.45097351,221.07843018,226.47058105,1783663,0,1,189.98398319,yahoo_bootstrap
2023-06-14,226.47058105,228.92156982,224.50979614,226.47058105,2250168,0,1,189.98398319,yahoo_bootstrap
2023-06-15,231.37254333,249.01960754,230.39215088,249.01960754,10324628,0,1,208.90014373,yahoo_bootstrap
2023-06-16,257.35293579,268.13726807,255.88235474,258.82351685,18080558,0,1,217.12454856,yahoo_bootstrap
2023-06-19,263.72549438,265.19607544,251.47058105,254.90196228,11225574,0,1,213.83479431,yahoo_bootstrap
2023-06-20,255.39215088,262.74508667,243.13725281,261.27450562,11375475,0,1,219.18065937,yahoo_bootstrap
2023-06-21,263.72549438,271.07843018,258.33334351,267.15686035,13274839,0,1,224.11530994,yahoo_bootstrap
2023-06-26,263.72549438,266.66665649,258.33334351,260.78430176,7468170,0,1,218.76943209,yahoo_bootstrap
2023-06-27,258.82351685,268.13726807,258.33334351,265.19607544,6203865,0,1,222.47042642,yahoo_bootstrap
2023-06-28,269.11764526,283.82351685,267.64706421,283.82351685,11491679,0,1,238.09680711,yahoo_bootstrap
2023-06-29,283.82351685,292.64706421,277.94116211,292.64706421,8479967,0,1,245.49879578,yahoo_bootstrap
2023-06-30,294.11764526,298.03921509,286.76470947,296.07843018,8323629,0,1,248.37733555,yahoo_bootstrap
2023-07-03,299.01959229,313.72549438,292.15686035,301.47058105,9124691,0,1,252.90075884,yahoo_bootstrap
2023-07-04,308.33334351,315.19607544,304.90194702,308.82351685,10036882,0,1,259.06906566,yahoo_bootstrap
2023-07-05,307.84313965,308.82351685,299.01959229,300.49020386,6406317,0,1,252.07832988,yahoo_bootstrap
2023-07-06,299.01959229,303.92156982,293.62744141,297.05883789,6215428,0,1,249.19979011,yahoo_bootstrap
2023-07-07,296.56863403,298.52941895,287.25491333,295.09805298,5505804,0,1,247.55490658,yahoo_bootstrap
2023-07-10,301.47058105,306.37255859,296.07843018,300.9803772,4603257,0,1,252.48953156,yahoo_bootstrap
2023-07-11,300.49020386,300.9803772,294.60784912,299.50979614,4089410,0,1,251.25587531,yahoo_bootstrap
2023-07-12,301.47058105,306.37255859,297.54901123,299.01959229,5027409,0,1,250.84464804,yahoo_bootstrap
2023-07-13,301.96078491,303.92156982,293.13726807,295.09805298,3460999,0,1,247.55490658,yahoo_bootstrap
2023-07-14,302.94116211,310.78430176,297.05883789,298.03921509,7446671,0,1,250.02221907,yahoo_bootstrap
2023-07-17,296.07843018,299.01959229,287.25491333,295.09805298,4843113,0,1,247.55490658,yahoo_bootstrap
2023-07-18,303.43136597,303.43136597,287.25491333,293.13726807,3664228,0,1,245.91002306,yahoo_bootstrap
2023-07-19,297.54901123,298.03921509,287.25491333,290.6862793,3237829,0,1,243.85391225,yahoo_bootstrap
2023-07-20,291.17648315,297.54901123,290.6862793,297.54901123,2717047,0,1,249.61099179,yahoo_bootstrap
2023-07-21,296.07843018,300.9803772,291.17648315,300.49020386,3516997,0,1,252.07832988,yahoo_bootstrap
2023-07-24,300.49020386,300.9803772,290.19607544,291.17648315,3995402,0,1,244.26513953,yahoo_bootstrap
2023-07-25,292.15686035,295.58822632,286.27450562,289.70587158,3451513,0,1,243.03145768,yahoo_bootstrap
2023-07-26,290.6862793,290.6862793,282.35293579,285.78430176,2091606,0,1,239.74169064,yahoo_bootstrap
2023-07-27,284.3137207,289.21569824,279.41177368,286.27450562,1984118,0,1,240.15291792,yahoo_bootstrap
2023-07-28,286.76470947,293.62744141,285.29412842,291.17648315,1537964,0,1,244.26513953,yahoo_bootstrap
2023-07-31,295.09805298,313.23529053,295.09805298,305.39215088,7585789,0,1,256.19052589,yahoo_bootstrap
2023-08-01,308.82351685,311.27450562,297.05883789,302.45098877,6124689,0,1,253.7232134,yahoo_bootstrap
2023-08-02,305.88235474,306.86273193,293.62744141,295.09805298,3815959,0,1,247.55490658,yahoo_bootstrap
2023-08-04,300,313.23529053,297.54901123,309.80392456,9235106,0,1,259.89152022,yahoo_bootstrap
2023-08-07,310.78430176,311.76470947,289.70587158,300.9803772,6171669,0,1,252.48953156,yahoo_bootstrap
2023-08-08,300.9803772,309.80392456,300,306.86273193,3447677,0,1,257.42418213,yahoo_bootstrap
2023-08-09,303.92156982,306.86273193,298.52941895,303.43136597,2392168,0,1,254.54564237,yahoo_bootstrap
2023-08-10,304.90194702,305.39215088,292.64706421,296.56863403,2608298,0,1,248.78856282,yahoo_bootstrap
2023-08-11,300,305.88235474,298.52941895,301.96078491,2319591,0,1,253.31198612,yahoo_bootstrap
2023-08-14,301.96078491,303.92156982,296.07843018,300,1703546,0,1,251.6671026,yahoo_bootstrap
2023-08-15,299.01959229,300,291.17648315,291.66665649,2585241,0,1,244.67634121,yahoo_bootstrap
2023-08-16,293.13726807,299.01959229,290.19607544,296.07843018,2873491,0,1,248.37733555,yahoo_bootstrap
2023-08-17,293.13726807,300.9803772,291.66665649,298.52941895,1624677,0,1,250.43344636,yahoo_bootstrap
2023-08-18,300.9803772,302.45098877,289.70587158,292.15686035,1833520,0,1,245.08756849,yahoo_bootstrap
2023-08-21,294.11764526,298.52941895,291.66665649,293.62744141,1047806,0,1,246.32122474,yahoo_bootstrap
2023-08-22,306.86273193,308.82351685,296.56863403,307.84313965,4670318,0,1,258.2466367,yahoo_bootstrap
2023-08-23,311.76470947,325.49020386,307.84313965,325,8400446,0,1,272.63936114,yahoo_bootstrap
2023-08-24,322.05883789,333.33334351,315.6862793,327.94116211,6082818,0,1,275.10667363,yahoo_bootstrap
2023-08-25,325,336.27450562,324.50979614,330.39215088,5986003,0,1,277.16278444,yahoo_bootstrap
2023-08-28,328.43136597,329.41177368,309.80392456,325.49020386,4627041,0,1,273.05058843,yahoo_bootstrap
2023-08-29,320.58822632,332.35293579,318.62744141,329.41177368,2357794,0,1,276.34035548,yahoo_bootstrap
2023-08-30,338.23529053,338.23529053,323.52941895,327.94116211,2376536,0,1,275.10667363,yahoo_bootstrap
2023-08-31,323.52941895,327.94116211,320.09805298,327.94116211,2493315,0,1,275.10667363,yahoo_bootstrap
2023-09-01,328.43136597,328.43136597,320.58822632,320.58822632,1807644,0,1,268.93836681,yahoo_bootstrap
2023-09-04,323.03921509,326.96078491,320.58822632,322.54901123,2235639,0,1,270.58325034,yahoo_bootstrap
2023-09-05,324.50979614,340.19607544,323.03921509,335.78430176,5511665,0,1,281.68620774,yahoo_bootstrap
2023-09-06,335.78430176,342.15686035,334.80392456,338.72549438,3175401,0,1,284.15354582,yahoo_bootstrap
2023-09-07,338.72549438,338.72549438,331.37255859,333.33334351,1981350,0,1,279.63012253,yahoo_bootstrap
2023-09-08,338.23529053,346.07843018,334.80392456,337.25491333,3098041,0,1,282.91988958,yahoo_bootstrap
2023-09-11,342.64706421,342.64706421,328.92156982,332.84313965,1955001,0,1,279.21889525,yahoo_bootstrap
2023-09-12,332.35293579,336.27450562,326.47058105,327.94116211,2385892,0,1,275.10667363,yahoo_bootstrap
2023-09-13,326.47058105,327.94116211,319.11764526,323.03921509,3202528,0,1,270.99447762,yahoo_bootstrap
2023-09-14,323.52941895,325.9803772,317.64706421,323.52941895,1868079,0,1,271.4057049,yahoo_bootstrap
2023-09-15,327.94116211,334.80392456,324.01959229,325.9803772,2822693,0,1,273.46179011,yahoo_bootstrap
2023-09-18,326.47058105,327.94116211,315.19607544,319.60784912,2564577,0,1,268.11593785,yahoo_bootstrap
2023-09-19,320.09805298,320.09805298,311.76470947,312.74508667,2767684,0,1,262.35883271,yahoo_bootstrap
2023-09-20,315.6862793,317.64706421,310.78430176,311.76470947,1507984,0,1,261.53640375,yahoo_bootstrap
2023-09-21,309.80392456,314.70587158,307.35293579,313.23529053,1877200,0,1,262.77005999,yahoo_bootstrap
2023-09-22,311.76470947,322.05883789,310.29412842,321.56863403,2487637,0,1,269.76082137,yahoo_bootstrap
2023-09-25,325,325.9803772,320.09805298,320.09805298,1124890,0,1,268.52716513,yahoo_bootstrap
2023-09-26,320.09805298,320.09805298,314.21569824,315.19607544,920063,0,1,264.41494352,yahoo_bootstrap
2023-09-27,316.17648315,325.9803772,314.70587158,324.50979614,1851694,0,1,272.22813386,yahoo_bootstrap
2023-09-28,326.96078491,332.35293579,322.05883789,329.41177368,2576388,0,1,276.34035548,yahoo_bootstrap
2023-10-02,332.84313965,337.25491333,329.90194702,332.84313965,1576087,0,1,279.21889525,yahoo_bootstrap
2023-10-03,332.84313965,339.21569824,329.41177368,336.27450562,1741672,0,1,282.09743502,yahoo_bootstrap
2023-10-04,325.49020386,337.25491333,324.50979614,332.35293579,1860519,0,1,278.80766796,yahoo_bootstrap
2023-10-05,333.82351685,337.74508667,330.39215088,336.27450562,1578716,0,1,282.09743502,yahoo_bootstrap
2023-10-06,336.27450562,339.70587158,332.84313965,337.25491333,1623103,0,1,282.91988958,yahoo_bootstrap
2023-10-11,342.15686035,347.05883789,336.27450562,346.56863403,2825272,0,1,290.73307992,yahoo_bootstrap
2023-10-12,348.03921509,350.49020386,340.6862793,350,2095872,0,1,293.61161969,yahoo_bootstrap
2023-10-13,350,356.86273193,347.54901123,352.94116211,1649400,0,1,296.07893218,yahoo_bootstrap
2023-10-16,350,359.80392456,349.50979614,354.90194702,1524540,0,1,297.72381571,yahoo_bootstrap
2023-10-17,358.82351685,362.74508667,356.37255859,357.84313965,1914430,0,1,300.1911538,yahoo_bootstrap
2023-10-18,360.29412842,366.17648315,355.88235474,360.78430176,2633385,0,1,302.65846629,yahoo_bootstrap
2023-10-19,359.80392456,364.70587158,353.43136597,355.39215088,1784166,0,1,298.13504299,yahoo_bootstrap
2023-10-20,354.41177368,354.90194702,349.50979614,353.43136597,1039575,0,1,296.49015947,yahoo_bootstrap
2023-10-23,351.96078491,354.90194702,349.50979614,349.50979614,844209,0,1,293.20039241,yahoo_bootstrap
2023-10-24,349.50979614,352.45098877,347.05883789,351.96078491,1100186,0,1,295.25650322,yahoo_bootstrap
2023-10-25,356.37255859,361.27450562,350.9803772,361.27450562,1685573,0,1,303.06969357,yahoo_bootstrap
2023-10-26,357.35293579,365.19607544,353.43136597,353.43136597,1704502,0,1,296.49015947,yahoo_bootstrap
2023-10-27,353.92156982,354.90194702,348.03921509,348.52941895,659024,0,1,292.37796345,yahoo_bootstrap
2023-10-30,348.52941895,353.43136597,346.56863403,351.47058105,789884,0,1,294.84527593,yahoo_bootstrap
2023-10-31,351.47058105,360.29412842,350,354.41177368,1331222,0,1,297.31261403,yahoo_bootstrap
2023-11-01,356.86273193,361.76470947,352.94116211,358.82351685,1206203,0,1,301.01358276,yahoo_bootstrap
2023-11-02,369.60784912,380.88235474,361.76470947,376.47058105,3847778,0,1,315.81753448,yahoo_bootstrap
2023-11-03,378.43136597,380.39215088,369.60784912,373.52941895,1847389,0,1,313.350222,yahoo_bootstrap
2023-11-06,377.45098877,386.27450562,374.50979614,382.35293579,2283026,0,1,320.75218506,yahoo_bootstrap
2023-11-07,383.33334351,388.23529053,380.88235474,387.25491333,1754247,0,1,324.86440668,yahoo_bootstrap
2023-11-08,385.29412842,385.78430176,380.88235474,381.86273193,1123569,0,1,320.34095778,yahoo_bootstrap
2023-11-09,383.33334351,394.11764526,381.86273193,391.66665649,2209529,0,1,328.56537541,yahoo_bootstrap
2023-11-10,387.25491333,395.09805298,387.25491333,390.6862793,1605497,0,1,327.74294645,yahoo_bootstrap
2023-11-13,393.62744141,393.62744141,380.39215088,381.86273193,1384360,0,1,320.34095778,yahoo_bootstrap
2023-11-14,383.33334351,384.3137207,368.62744141,371.07843018,2354450,0,1,311.2941112,yahoo_bootstrap
2023-11-15,372.54901123,375.9803772,359.3137207,367.15686035,3708777,0,1,308.00434414,yahoo_bootstrap
2023-11-16,367.15686035,370.09805298,357.35293579,358.33334351,2202056,0,1,300.60238108,yahoo_bootstrap
2023-11-17,360.78430176,364.70587158,356.37255859,359.80392456,1492051,0,1,301.83603732,yahoo_bootstrap
2023-11-20,359.80392456,366.66665649,356.86273193,363.23529053,977664,0,1,304.71457709,yahoo_bootstrap
2023-11-21,363.72549438,366.66665649,358.33334351,358.33334351,1071832,0,1,300.60238108,yahoo_bootstrap
2023-11-22,356.37255859,356.86273193,349.01959229,351.47058105,2190691,0,1,294.84527593,yahoo_bootstrap
2023-11-23,353.92156982,361.76470947,351.47058105,356.86273193,2021942,0,1,299.36869923,yahoo_bootstrap
2023-11-24,358.33334351,363.72549438,357.35293579,359.3137207,1572170,0,1,301.42481004,yahoo_bootstrap
2023-11-27,360.78430176,365.6862793,356.86273193,361.27450562,1694046,0,1,303.06969357,yahoo_bootstrap
2023-11-28,365.6862793,371.56863403,365.19607544,365.6862793,1391496,0,1,306.7706879,yahoo_bootstrap
2023-11-29,367.15686035,368.13726807,353.92156982,357.84313965,2569272,0,1,300.1911538,yahoo_bootstrap
2023-11-30,360.29412842,360.29412842,350.49020386,350.9803772,2623018,0,1,294.43404866,yahoo_bootstrap
2023-12-01,353.92156982,355.39215088,349.01959229,350.9803772,1166376,0,1,294.43404866,yahoo_bootstrap
2023-12-04,350.9803772,352.94116211,346.56863403,349.01959229,1123225,0,1,292.78916514,yahoo_bootstrap
2023-12-05,351.47058105,351.96078491,326.47058105,336.76470947,6468062,0,1,282.5086623,yahoo_bootstrap
2023-12-06,340.6862793,345.09805298,338.23529053,342.15686035,2497084,0,1,287.03208559,yahoo_bootstrap
2023-12-07,343.13726807,350.9803772,342.15686035,342.15686035,3290514,0,1,287.03208559,yahoo_bootstrap
2023-12-08,343.13726807,347.54901123,343.13726807,344.60784912,1541976,0,1,289.0881964,yahoo_bootstrap
2023-12-11,344.60784912,345.58822632,336.76470947,341.17648315,1642118,0,1,286.20965663,yahoo_bootstrap
2023-12-12,341.66665649,343.62744141,333.33334351,336.27450562,2252290,0,1,282.09743502,yahoo_bootstrap
2023-12-13,337.74508667,347.05883789,335.29412842,342.15686035,2477292,0,1,287.03208559,yahoo_bootstrap
2023-12-14,347.54901123,351.96078491,343.13726807,346.07843018,2289364,0,1,290.32185265,yahoo_bootstrap
2023-12-15,347.05883789,347.54901123,341.17648315,344.60784912,1583822,0,1,289.0881964,yahoo_bootstrap
2023-12-18,342.64706421,347.54901123,342.64706421,344.11764526,935376,0,1,288.67696911,yahoo_bootstrap
2023-12-19,342.15686035,346.07843018,339.70587158,343.13726807,929296,0,1,287.85454016,yahoo_bootstrap
2023-12-20,346.07843018,351.96078491,343.62744141,344.11764526,2452213,0,1,288.67696911,yahoo_bootstrap
2023-12-21,342.15686035,344.11764526,337.25491333,338.23529053,1907788,0,1,283.74231854,yahoo_bootstrap
2023-12-22,339.21569824,339.21569824,330.88235474,331.37255859,2889156,0,1,277.985239,yahoo_bootstrap
2023-12-25,330.88235474,334.3137207,327.94116211,328.43136597,1166044,0,1,275.51790092,yahoo_bootstrap
2023-12-26,329.90194702,340.6862793,327.94116211,339.21569824,1064430,0,1,284.5647731,yahoo_bootstrap
2023-12-27,337.25491333,341.66665649,334.80392456,339.70587158,1652537,0,1,284.97597478,yahoo_bootstrap
2023-12-28,337.74508667,345.09805298,337.74508667,343.62744141,1182742,0,1,288.26574184,yahoo_bootstrap
2023-12-29,342.64706421,348.03921509,341.66665649,347.54901123,802246,0,1,291.55550889,yahoo_bootstrap
2024-01-02,346.07843018,347.54901123,337.74508667,338.23529053,1399317,0,1,283.74231854,yahoo_bootstrap
2024-01-03,337.74508667,346.56863403,337.25491333,342.15686035,2759474,0,1,287.03208559,yahoo_bootstrap
2024-01-04,350.9803772,355.39215088,344.60784912,349.50979614,4366221,0,1,293.20039241,yahoo_bootstrap
2024-01-05,350.9803772,351.96078491,346.56863403,347.54901123,2241162,0,1,291.55550889,yahoo_bootstrap
2024-01-08,348.52941895,350.9803772,347.05883789,350.9803772,1302712,0,1,294.43404866,yahoo_bootstrap
2024-01-09,352.94116211,357.84313965,350.9803772,357.84313965,2404447,0,1,300.1911538,yahoo_bootstrap
2024-01-10,353.92156982,360.78430176,353.92156982,359.80392456,1357148,0,1,301.83603732,yahoo_bootstrap
2024-01-11,361.27450562,367.15686035,357.84313965,367.15686035,1983371,0,1,308.00434414,yahoo_bootstrap
2024-01-12,367.64706421,371.07843018,362.25491333,371.07843018,2208159,0,1,311.2941112,yahoo_bootstrap
2024-01-15,372.54901123,373.52941895,368.13726807,370.09805298,1220335,0,1,310.47168223,yahoo_bootstrap
2024-01-16,369.11764526,369.60784912,358.82351685,358.82351685,2025076,0,1,301.01358276,yahoo_bootstrap
2024-01-17,359.3137207,365.6862793,357.84313965,361.27450562,2977403,0,1,303.06969357,yahoo_bootstrap
2024-01-18,347.05883789,350,328.92156982,334.3137207,7147993,0,1,280.45255149,yahoo_bootstrap
2024-01-19,333.82351685,336.76470947,328.92156982,334.3137207,2746056,0,1,280.45255149,yahoo_bootstrap
2024-01-22,336.27450562,342.64706421,332.35293579,340.19607544,1831221,0,1,285.38720207,yahoo_bootstrap
2024-01-23,340.19607544,346.07843018,340.19607544,345.09805298,1579027,0,1,289.49942368,yahoo_bootstrap
2024-01-24,344.11764526,352.94116211,342.15686035,348.03921509,1369709,0,1,291.96673617,yahoo_bootstrap
2024-01-25,347.05883789,351.96078491,345.58822632,348.03921509,1192503,0,1,291.96673617,yahoo_bootstrap
2024-01-26,343.62744141,346.07843018,338.23529053,340.6862793,1864190,0,1,285.79842935,yahoo_bootstrap
2024-01-29,340.6862793,348.03921509,340.6862793,348.03921509,956972,0,1,291.96673617,yahoo_bootstrap
2024-01-30,346.07843018,351.96078491,346.07843018,350.49020386,700740,0,1,294.02284698,yahoo_bootstrap
2024-01-31,350.49020386,357.35293579,350.49020386,352.94116211,852493,0,1,296.07893218,yahoo_bootstrap
2024-02-01,352.94116211,356.86273193,352.94116211,354.90194702,688509,0,1,297.72381571,yahoo_bootstrap
2024-02-02,355.39215088,359.80392456,353.92156982,359.80392456,829442,0,1,301.83603732,yahoo_bootstrap
2024-02-05,357.84313965,358.82351685,351.96078491,356.86273193,1449479,0,1,299.36869923,yahoo_bootstrap
2024-02-15,359.80392456,364.70587158,351.96078491,357.35293579,1445015,0,1,299.77992651,yahoo_bootstrap
2024-02-16,358.82351685,359.80392456,354.41177368,355.88235474,961971,0,1,298.54627027,yahoo_bootstrap
2024-02-19,356.37255859,361.76470947,354.41177368,361.76470947,759916,0,1,303.48092084,yahoo_bootstrap
2024-02-20,363.72549438,374.50979614,362.74508667,371.07843018,1944573,0,1,311.2941112,yahoo_bootstrap
2024-02-21,366.17648315,369.60784912,360.78430176,367.15686035,1558807,0,1,308.00434414,yahoo_bootstrap
2024-02-22,367.64706421,373.03921509,366.66665649,368.62744141,1110936,0,1,309.23800039,yahoo_bootstrap
2024-02-23,368.13726807,371.07843018,365.6862793,366.17648315,908610,0,1,307.18191518,yahoo_bootstrap
2024-02-26,364.70587158,370.09805298,364.21569824,365.6862793,569348,0,1,306.7706879,yahoo_bootstrap
2024-02-27,367.64706421,372.54901123,363.23529053,365.6862793,949908,0,1,306.7706879,yahoo_bootstrap
2024-02-29,365.6862793,367.15686035,359.3137207,364.21569824,1466969,0,1,305.53703165,yahoo_bootstrap
2024-03-01,365.19607544,371.07843018,364.21569824,366.17648315,885636,0,1,307.18191518,yahoo_bootstrap
2024-03-04,366.17648315,367.64706421,362.74508667,363.23529053,1106908,0,1,304.71457709,yahoo_bootstrap
2024-03-05,363.72549438,367.15686035,361.76470947,361.76470947,768732,0,1,303.48092084,yahoo_bootstrap
2024-03-06,361.76470947,361.76470947,355.88235474,355.88235474,1472807,0,1,298.54627027,yahoo_bootstrap
2024-03-07,356.37255859,360.29412842,355.39215088,356.37255859,810376,0,1,298.95749755,yahoo_bootstrap
2024-03-08,356.37255859,361.27450562,355.88235474,358.33334351,1537986,0,1,300.60238108,yahoo_bootstrap
2024-03-11,357.84313965,363.23529053,357.84313965,358.33334351,605997,0,1,300.60238108,yahoo_bootstrap
2024-03-12,358.82351685,363.72549438,357.35293579,363.72549438,1129799,0,1,305.12580437,yahoo_bootstrap
2024-03-13,363.23529053,369.60784912,360.29412842,367.64706421,1362247,0,1,308.41557142,yahoo_bootstrap
2024-03-14,372.05883789,395.09805298,372.05883789,389.70587158,5898480,0,1,326.92049188,yahoo_bootstrap
2024-03-15,395.09805298,398.03921509,385.29412842,393.13726807,3237736,0,1,329.79905726,yahoo_bootstrap
2024-03-18,389.21569824,392.15686035,378.43136597,387.25491333,2179105,0,1,324.86440668,yahoo_bootstrap
2024-03-19,386.27450562,395.09805298,385.78430176,394.60784912,1335229,0,1,331.0327135,yahoo_bootstrap
2024-03-20,394.11764526,399.50979614,394.11764526,397.05883789,1712139,0,1,333.08882431,yahoo_bootstrap
2024-03-21,399.01959229,403.92156982,396.07843018,399.01959229,1586842,0,1,334.73368223,yahoo_bootstrap
2024-03-22,399.01959229,399.01959229,386.76470947,392.15686035,2043677,0,1,328.97660269,yahoo_bootstrap
2024-03-25,391.66665649,396.07843018,389.70587158,392.15686035,1102388,0,1,328.97660269,yahoo_bootstrap
2024-03-26,391.17648315,395.09805298,390.6862793,392.15686035,1562126,0,1,328.97660269,yahoo_bootstrap
2024-03-27,393.13726807,393.13726807,381.37255859,389.21569824,2300349,0,1,326.5092902,yahoo_bootstrap
2024-03-28,362.74508667,364.70587158,352.94116211,358.33334351,6852660,16.07843,1,313.55529346,yahoo_bootstrap
2024-03-29,356.86273193,364.70587158,355.88235474,364.21569824,3035520,0,1,318.7025774,yahoo_bootstrap
2024-04-01,363.72549438,370.09805298,363.72549438,367.15686035,2023940,0,1,321.27620602,yahoo_bootstrap
2024-04-02,367.15686035,371.56863403,367.15686035,371.07843018,1863361,0,1,324.70772866,yahoo_bootstrap
2024-04-03,371.07843018,372.54901123,367.15686035,367.15686035,1297696,0,1,321.27620602,yahoo_bootstrap
2024-04-08,367.64706421,374.50979614,361.27450562,361.27450562,1522485,0,1,316.12892208,yahoo_bootstrap
2024-04-09,364.21569824,370.58822632,358.82351685,368.62744141,1705679,0,1,322.56302034,yahoo_bootstrap
2024-04-10,369.60784912,381.86273193,368.62744141,379.90194702,2967947,0,1,332.42864122,yahoo_bootstrap
2024-04-11,379.41177368,379.41177368,374.50979614,377.45098877,1222471,0,1,330.2839596,yahoo_bootstrap
2024-04-12,377.45098877,387.25491333,376.96078491,376.96078491,1431280,0,1,329.85501259,yahoo_bootstrap
2024-04-15,372.54901123,375.49020386,369.60784912,372.05883789,709720,0,1,325.56562266,yahoo_bootstrap
2024-04-16,368.13726807,368.13726807,359.3137207,360.78430176,1135220,0,1,315.69997508,yahoo_bootstrap
2024-04-17,362.74508667,373.52941895,362.74508667,365.19607544,1178537,0,1,319.56044471,yahoo_bootstrap
2024-04-18,365.6862793,373.03921509,365.6862793,368.62744141,966246,0,1,322.56302034,yahoo_bootstrap
2024-04-19,364.70587158,374.01959229,359.80392456,373.03921509,2622601,0,1,326.42348997,yahoo_bootstrap
2024-04-22,375,386.27450562,373.03921509,379.41177368,3156827,0,1,331.99972091,yahoo_bootstrap
2024-04-23,381.86273193,387.74508667,379.90194702,380.39215088,1921471,0,1,332.85758822,yahoo_bootstrap
2024-04-24,384.3137207,384.80392456,379.41177368,384.3137207,1505388,0,1,336.28911085,yahoo_bootstrap
2024-04-25,383.82351685,393.13726807,381.37255859,381.86273193,2650041,0,1,334.14440253,yahoo_bootstrap
2024-04-26,381.86273193,387.74508667,379.90194702,386.27450562,1226831,0,1,338.00487217,yahoo_bootstrap
2024-04-29,390.19607544,395.58822632,386.27450562,390.6862793,1705919,0,1,341.8653418,yahoo_bootstrap
2024-04-30,386.27450562,390.19607544,383.33334351,384.3137207,1446408,0,1,336.28911085,yahoo_bootstrap
2024-05-02,382.35293579,387.25491333,381.37255859,386.27450562,619572,0,1,338.00487217,yahoo_bootstrap
2024-05-03,386.76470947,387.25491333,375.49020386,377.45098877,1982755,0,1,330.2839596,yahoo_bootstrap
2024-05-06,382.35293579,385.29412842,374.50979614,379.41177368,1548599,0,1,331.99972091,yahoo_bootstrap
2024-05-07,379.41177368,381.37255859,374.50979614,380.39215088,1028675,0,1,332.85758822,yahoo_bootstrap
2024-05-08,382.84313965,383.82351685,370.58822632,380.39215088,2151248,0,1,332.85758822,yahoo_bootstrap
2024-05-09,380.39215088,384.80392456,377.94116211,379.90194702,1019112,0,1,332.42864122,yahoo_bootstrap
2024-05-10,379.90194702,379.90194702,372.05883789,372.54901123,1260083,0,1,325.99454296,yahoo_bootstrap
2024-05-13,375,379.90194702,370.09805298,374.50979614,806133,0,1,327.71030428,yahoo_bootstrap
2024-05-14,376.96078491,379.90194702,373.03921509,379.90194702,613202,0,1,332.42864122,yahoo_bootstrap
2024-05-15,377.94116211,378.43136597,363.72549438,366.17648315,2791153,0,1,320.41833871,yahoo_bootstrap
2024-05-16,369.60784912,372.54901123,362.74508667,364.70587158,2008079,0,1,319.1314977,yahoo_bootstrap
2024-05-17,365.6862793,367.64706421,362.74508667,365.19607544,705065,0,1,319.56044471,yahoo_bootstrap
2024-05-20,365.6862793,365.6862793,358.82351685,359.3137207,736321,0,1,314.41316076,yahoo_bootstrap
2024-05-21,357.84313965,363.23529053,353.92156982,354.41177368,993847,0,1,310.12377083,yahoo_bootstrap
2024-05-22,355.39215088,358.82351685,353.92156982,355.88235474,1331202,0,1,311.41058514,yahoo_bootstrap
2024-05-23,354.90194702,364.70587158,354.90194702,360.29412842,1287757,0,1,315.27105478,yahoo_bootstrap
2024-05-24,362.25491333,366.66665649,358.33334351,363.72549438,817632,0,1,318.27363039,yahoo_bootstrap
2024-05-27,368.62744141,370.58822632,362.74508667,367.64706421,841737,0,1,321.70515303,yahoo_bootstrap
2024-05-28,367.64706421,374.01959229,365.6862793,369.60784912,714156,0,1,323.42091434,yahoo_bootstrap
2024-05-29,372.05883789,375.9803772,370.58822632,371.07843018,832234,0,1,324.70772866,yahoo_bootstrap
2024-05-30,371.07843018,378.43136597,369.60784912,374.50979614,905205,0,1,327.71030428,yahoo_bootstrap
2024-05-31,376.96078491,380.39215088,373.52941895,377.45098877,1631150,0,1,330.2839596,yahoo_bootstrap
2024-06-03,380.39215088,380.88235474,376.96078491,379.41177368,1005273,0,1,331.99972091,yahoo_bootstrap
2024-06-04,377.94116211,395.09805298,376.47058105,386.76470947,4624215,0,1,338.43381917,yahoo_bootstrap
2024-06-05,387.74508667,392.15686035,383.33334351,386.76470947,2310357,0,1,338.43381917,yahoo_bootstrap
2024-06-06,387.25491333,394.11764526,385.29412842,392.15686035,2126071,0,1,343.15215611,yahoo_bootstrap
2024-06-07,391.17648315,392.15686035,385.78430176,390.6862793,1280759,0,1,341.8653418,yahoo_bootstrap
2024-06-11,390.6862793,394.60784912,388.72549438,391.66665649,1281243,0,1,342.7232091,yahoo_bootstrap
2024-06-12,391.66665649,392.64706421,385.78430176,387.25491333,622679,0,1,338.86276617,yahoo_bootstrap
2024-06-13,384.3137207,388.72549438,376.47058105,379.90194702,1657179,0,1,332.42864122,yahoo_bootstrap
2024-06-14,378.43136597,380.39215088,375.9803772,375.9803772,847440,0,1,328.99711859,yahoo_bootstrap
2024-06-17,376.96078491,380.88235474,375,375.49020386,868458,0,1,328.56819829,yahoo_bootstrap
2024-06-18,375.49020386,378.43136597,373.52941895,374.01959229,633933,0,1,327.28135728,yahoo_bootstrap
2024-06-19,374.50979614,385.29412842,374.50979614,382.35293579,1172547,0,1,334.57334954,yahoo_bootstrap
2024-06-20,383.33334351,387.25491333,375.9803772,379.41177368,805437,0,1,331.99972091,yahoo_bootstrap
2024-06-21,381.86273193,385.78430176,375.9803772,383.33334351,942809,0,1,335.43124355,yahoo_bootstrap
2024-06-24,384.3137207,391.66665649,380.88235474,390.6862793,1261883,0,1,341.8653418,yahoo_bootstrap
2024-06-25,392.15686035,400,386.27450562,390.6862793,2217752,0,1,341.8653418,yahoo_bootstrap
2024-06-26,392.15686035,395.58822632,386.27450562,393.62744141,1318699,0,1,344.43897042,yahoo_bootstrap
2024-06-27,392.15686035,396.07843018,390.19607544,392.15686035,703139,0,1,343.15215611,yahoo_bootstrap
2024-06-28,400,418.13726807,397.05883789,412.74508667,6426163,0,1,361.16763656,yahoo_bootstrap
2024-07-01,418.62744141,425.49020386,409.3137207,423.52941895,3137267,0,1,370.60433715,yahoo_bootstrap
2024-07-02,425,427.94116211,416.17648315,421.07843018,3486609,0,1,368.45962883,yahoo_bootstrap
2024-07-03,428.92156982,443.13726807,413.72549438,414.70587158,6041183,0,1,362.88339787,yahoo_bootstrap
2024-07-04,416.66665649,420.58822632,407.84313965,413.72549438,2911850,0,1,362.02553057,yahoo_bootstrap
2024-07-05,414.70587158,416.66665649,408.82351685,415.6862793,1496052,0,1,363.74129189,yahoo_bootstrap
2024-07-08,414.70587158,417.15686035,406.86273193,410.29412842,1587470,0,1,359.02295495,yahoo_bootstrap
2024-07-09,407.35293579,414.70587158,406.37255859,406.37255859,1226104,0,1,355.59143231,yahoo_bootstrap
2024-07-10,407.35293579,410.78430176,404.90194702,410.29412842,951966,0,1,359.02295495,yahoo_bootstrap
2024-07-11,411.27450562,418.62744141,409.80392456,414.70587158,1417381,0,1,362.88339787,yahoo_bootstrap
2024-07-12,418.62744141,433.33334351,417.64706421,429.90194702,2820283,0,1,376.18054139,yahoo_bootstrap
2024-07-15,430.39215088,447.05883789,427.45098877,444.60784912,3932100,0,1,389.0487646,yahoo_bootstrap
2024-07-16,444.60784912,451.47058105,437.25491333,445.09805298,3086269,0,1,389.47771161,yahoo_bootstrap
2024-07-17,448.52941895,449.01959229,434.3137207,435.29412842,1863397,0,1,380.89890503,yahoo_bootstrap
2024-07-18,440.19607544,445.58822632,434.3137207,441.17648315,1450727,0,1,386.04618897,yahoo_bootstrap
2024-07-19,441.17648315,457.84313965,440.6862793,456.86273193,3393543,0,1,399.77225278,yahoo_bootstrap
2024-07-22,449.50979614,458.33334351,427.45098877,429.41177368,2780015,0,1,375.75162109,yahoo_bootstrap
2024-07-23,442.64706421,447.54901123,430.39215088,440.19607544,2976099,0,1,385.18829497,yahoo_bootstrap
2024-07-26,422.54901123,439.70587158,422.05883789,438.23529053,1553915,0,1,383.47253365,yahoo_bootstrap
2024-07-29,440.19607544,441.66665649,430.88235474,436.76470947,2016762,0,1,382.18571934,yahoo_bootstrap
2024-07-30,432.35293579,439.21569824,430.39215088,436.27450562,1445601,0,1,381.75677234,yahoo_bootstrap
2024-07-31,433.33334351,441.17648315,432.35293579,438.23529053,875297,0,1,383.47253365,yahoo_bootstrap
2024-08-01,439.21569824,448.03921509,438.72549438,440.6862793,1202512,0,1,385.61724197,yahoo_bootstrap
2024-08-02,438.23529053,438.23529053,408.82351685,415.6862793,2611881,0,1,363.74129189,yahoo_bootstrap
2024-08-05,390.19607544,390.19607544,374.50979614,374.50979614,1245746,0,1,327.71030428,yahoo_bootstrap
2024-08-06,361.27450562,372.05883789,337.25491333,346.56863403,6436274,0,1,303.26072557,yahoo_bootstrap
2024-08-07,357.84313965,366.66665649,356.86273193,359.3137207,3048818,0,1,314.41316076,yahoo_bootstrap
2024-08-08,356.86273193,367.64706421,355.39215088,359.3137207,2364433,0,1,314.41316076,yahoo_bootstrap
2024-08-09,363.72549438,373.03921509,361.27450562,361.27450562,2321946,0,1,316.12892208,yahoo_bootstrap
2024-08-12,361.76470947,367.64706421,355.39215088,359.3137207,3339583,0,1,314.41316076,yahoo_bootstrap
2024-08-13,360.78430176,365.6862793,355.39215088,362.74508667,2063528,0,1,317.41573639,yahoo_bootstrap
2024-08-14,365.6862793,373.52941895,362.74508667,370.58822632,1556551,0,1,324.27878165,yahoo_bootstrap
2024-08-15,372.54901123,374.50979614,364.70587158,365.6862793,1967988,0,1,319.98939172,yahoo_bootstrap
2024-08-16,368.62744141,376.47058105,366.66665649,374.50979614,2033074,0,1,327.71030428,yahoo_bootstrap
2024-08-19,377.45098877,389.21569824,376.47058105,382.35293579,1759877,0,1,334.57334954,yahoo_bootstrap
2024-08-20,384.3137207,384.80392456,378.92156982,378.92156982,969020,0,1,331.57077391,yahoo_bootstrap
2024-08-21,375.49020386,390.19607544,375.49020386,382.84313965,1262870,0,1,335.00229654,yahoo_bootstrap
2024-08-22,383.33334351,384.80392456,375.9803772,382.35293579,1543624,0,1,334.57334954,yahoo_bootstrap
2024-08-23,379.41177368,383.82351685,378.43136597,382.35293579,1514043,0,1,334.57334954,yahoo_bootstrap
2024-08-26,382.84313965,386.76470947,374.50979614,375.9803772,1755093,0,1,328.99711859,yahoo_bootstrap
2024-08-27,375,381.86273193,370.09805298,381.37255859,1821151,0,1,333.71548223,yahoo_bootstrap
2024-08-28,378.92156982,381.37255859,375.49020386,380.39215088,1293068,0,1,332.85758822,yahoo_bootstrap
2024-08-29,380.39215088,380.88235474,375.49020386,377.45098877,628542,0,1,330.2839596,yahoo_bootstrap
2024-08-30,377.45098877,378.92156982,374.50979614,375.9803772,1534094,0,1,328.99711859,yahoo_bootstrap
2024-09-02,375.9803772,383.82351685,375.9803772,378.43136597,1339357,0,1,331.14182691,yahoo_bootstrap
2024-09-03,378.43136597,378.43136597,373.52941895,376.47058105,1615590,0,1,329.42606559,yahoo_bootstrap
2024-09-04,376.47058105,382.84313965,371.07843018,377.45098877,3599907,0,1,330.2839596,yahoo_bootstrap
2024-09-05,383.33334351,395.09805298,381.37255859,386.27450562,2751498,0,1,338.00487217,yahoo_bootstrap
2024-09-06,387.25491333,390.6862793,382.84313965,386.27450562,1638893,0,1,338.00487217,yahoo_bootstrap
2024-09-09,381.37255859,381.37255859,374.01959229,377.45098877,1795361,0,1,330.2839596,yahoo_bootstrap
2024-09-10,379.90194702,388.23529053,375.49020386,375.9803772,1339130,0,1,328.99711859,yahoo_bootstrap
2024-09-11,377.45098877,378.43136597,370.09805298,371.56863403,1433120,0,1,325.13667565,yahoo_bootstrap
2024-09-12,377,377,365.5,372.5,1154282,7,1.02,332.21018041,yahoo_bootstrap
2024-09-13,373,378,360,362,1706008,0,1,322.8458666,yahoo_bootstrap
2024-09-16,364,367,361,366.5,1956041,0,1,326.85914394,yahoo_bootstrap
2024-09-18,367.5,370.5,365,365,981532,0,1,325.52138483,yahoo_bootstrap
2024-09-19,365,372.5,365,371,1161136,0,1,330.87242129,yahoo_bootstrap
2024-09-20,372.5,374,368,373.5,2399842,0,1,333.10201982,yahoo_bootstrap
2024-09-23,372.5,380,372.5,376,1392875,0,1,335.33161834,yahoo_bootstrap
2024-09-24,381,381,373,373,1618396,0,1,332.65610011,yahoo_bootstrap
2024-09-25,367,373,366.5,366.5,2854685,0,1,326.85914394,yahoo_bootstrap
2024-09-26,367,370,350.5,352.5,3808258,0,1,314.3733922,yahoo_bootstrap
2024-09-27,355,356,347,352,3483379,0,1,313.92747249,yahoo_bootstrap
2024-09-30,352,358.5,347.5,349,1874432,0,1,311.25195426,yahoo_bootstrap
2024-10-01,350.5,362.5,350.5,361,2993293,0,1,321.95402719,yahoo_bootstrap
2024-10-04,358.5,366.5,358.5,363,2021745,0,1,323.73770601,yahoo_bootstrap
2024-10-07,363,367.5,354,358.5,2023186,0,1,319.72442866,yahoo_bootstrap
2024-10-08,359,359.5,353,359.5,1954422,0,1,320.61626807,yahoo_bootstrap
2024-10-09,359.5,367,357,367,1525575,0,1,327.30506365,yahoo_bootstrap
2024-10-11,367,367.5,360,360,732560,0,1,321.06218777,yahoo_bootstrap
2024-10-14,359.5,369,359.5,369,798649,0,1,329.08874247,yahoo_bootstrap
2024-10-15,369,371,366,370,692072,0,1,329.98058188,yahoo_bootstrap
2024-10-16,370,370,362,366,1831031,0,1,326.41322424,yahoo_bootstrap
2024-10-17,367.5,367.5,361,361.5,880168,0,1,322.39994689,yahoo_bootstrap
2024-10-18,364,367.5,362,366,516702,0,1,326.41322424,yahoo_bootstrap
2024-10-21,366,367,361,364,1178184,0,1,324.62954542,yahoo_bootstrap
2024-10-22,364,365,343,347,3497483,0,1,309.46827544,yahoo_bootstrap
2024-10-23,346,350.5,343,348.5,2036745,0,1,310.80603455,yahoo_bootstrap
2024-10-24,349.5,352,347,349.5,1370579,0,1,311.69787396,yahoo_bootstrap
2024-10-25,350,351.5,345.5,349.5,746217,0,1,311.69787396,yahoo_bootstrap
2024-10-28,350,350.5,344,344,812525,0,1,306.79275721,yahoo_bootstrap
2024-10-29,344,345,339.5,343,907265,0,1,305.9009178,yahoo_bootstrap
2024-10-30,345,347.5,340,347.5,992278,0,1,309.91419514,yahoo_bootstrap
2024-11-01,332.5,333,313,314,5790702,0,1,280.03757489,yahoo_bootstrap
2024-11-04,314.5,332,314.5,329,2669314,0,1,293.41516605,yahoo_bootstrap
2024-11-05,325.5,331.5,323.5,327,2185617,0,1,291.63148723,yahoo_bootstrap
2024-11-06,327,333,325.5,327.5,1807111,0,1,292.07740693,yahoo_bootstrap
2024-11-07,330,351,328,345,2533841,0,1,307.68459662,yahoo_bootstrap
2024-11-08,343,345.5,337.5,339.5,1557714,0,1,302.77947986,yahoo_bootstrap
2024-11-11,338.5,347.5,336.5,344,899073,0,1,306.79275721,yahoo_bootstrap
2024-11-12,342,342,335.5,335.5,834914,0,1,299.21212222,yahoo_bootstrap
2024-11-13,334.5,337.5,329,335,892655,0,1,298.76620251,yahoo_bootstrap
2024-11-14,333.5,340,332,332,664174,0,1,296.09068428,yahoo_bootstrap
2024-11-15,332,342,330,335,1195150,0,1,298.76620251,yahoo_bootstrap
2024-11-18,332,335,328.5,330,1008194,0,1,294.30700546,yahoo_bootstrap
2024-11-19,325,326.5,314,321,2680216,0,1,286.28045077,yahoo_bootstrap
2024-11-20,308.5,308.5,308.5,308.5,3196088,0,1,275.13245813,yahoo_bootstrap
2024-11-21,304,318.5,304,315,3251641,0,1,280.9294143,yahoo_bootstrap
2024-11-22,315.5,325.5,315.5,317.5,1416400,0,1,283.15901283,yahoo_bootstrap
2024-11-25,322.5,329,320,329,1342309,0,1,293.41516605,yahoo_bootstrap
2024-11-26,326.5,331,324.5,330,697459,0,1,294.30700546,yahoo_bootstrap
2024-11-27,330,333,319,319.5,1484114,0,1,284.94269165,yahoo_bootstrap
2024-11-28,320.5,321,314,315.5,1081243,0,1,281.37533401,yahoo_bootstrap
2024-11-29,315.5,322.5,313,320.5,785054,0,1,285.83453106,yahoo_bootstrap
2024-12-02,320.5,327,320.5,322.5,592880,0,1,287.61820988,yahoo_bootstrap
2024-12-03,321,328.5,321,324.5,944500,0,1,289.4018887,yahoo_bootstrap
2024-12-04,317,319,309,312.5,3455222,0,1,278.69981578,yahoo_bootstrap
2024-12-05,312.5,315,311,314,1025792,0,1,280.03757489,yahoo_bootstrap
2024-12-06,311,313.5,307.5,310,1166691,0,1,276.47021725,yahoo_bootstrap
2024-12-09,308,310,306,306.5,929670,0,1,273.34877931,yahoo_bootstrap
2024-12-10,306.5,311,306.5,309.5,963679,0,1,276.02429755,yahoo_bootstrap
2024-12-11,311,315.5,310.5,315.5,978671,0,1,281.37533401,yahoo_bootstrap
2024-12-12,316,316,310,311,815396,0,1,277.36205666,yahoo_bootstrap
2024-12-13,310,313,303.5,306.5,1327447,0,1,273.34877931,yahoo_bootstrap
2024-12-16,310.5,317.5,309,315,1774198,0,1,280.9294143,yahoo_bootstrap
2024-12-17,318,320,312.5,315,2230302,0,1,280.9294143,yahoo_bootstrap
2024-12-18,315,320.5,313.5,320.5,1633778,0,1,285.83453106,yahoo_bootstrap
2024-12-19,316,316.5,311,314.5,1962129,0,1,280.4834946,yahoo_bootstrap
2024-12-20,312.5,319,312,312,1617535,0,1,278.25389607,yahoo_bootstrap
2024-12-23,315,320,314.5,315.5,1289336,0,1,281.37533401,yahoo_bootstrap
2024-12-24,315,319,314,314.5,661346,0,1,280.4834946,yahoo_bootstrap
2024-12-25,316,316.5,311.5,314,531313,0,1,280.03757489,yahoo_bootstrap
2024-12-26,313.5,315.5,311.5,314,753192,0,1,280.03757489,yahoo_bootstrap
2024-12-27,313,315.5,312,314.5,441604,0,1,280.4834946,yahoo_bootstrap
2024-12-30,314.5,315.5,311,315.5,1544129,0,1,281.37533401,yahoo_bootstrap
2024-12-31,315.5,324,315.5,321,3369481,0,1,286.28045077,yahoo_bootstrap
2025-01-02,320,336,319.5,330,3081846,0,1,294.30700546,yahoo_bootstrap
2025-01-03,330,338,325,328.5,1882796,0,1,292.96924634,yahoo_bootstrap
2025-01-06,331,333.5,327,329,1646600,0,1,293.41516605,yahoo_bootstrap
2025-01-07,330,332,327.5,327.5,1771841,0,1,292.07740693,yahoo_bootstrap
2025-01-08,327.5,343,327.5,342,1927474,0,1,305.00907839,yahoo_bootstrap
2025-01-09,342,345.5,339,342,1635675,0,1,305.00907839,yahoo_bootstrap
2025-01-10,340,342,334,337,1019299,0,1,300.54988133,yahoo_bootstrap
2025-01-13,336,338,331.5,335,1319772,0,1,298.76620251,yahoo_bootstrap
2025-01-14,335,342.5,334.5,337,1180345,0,1,300.54988133,yahoo_bootstrap
2025-01-15,339,342,335.5,340,1110538,0,1,303.22539957,yahoo_bootstrap
2025-01-16,342.5,348.5,340,340,1239165,0,1,303.22539957,yahoo_bootstrap
2025-01-17,342.5,347.5,341,345,918323,0,1,307.68459662,yahoo_bootstrap
2025-01-20,346.5,350,342.5,347,919055,0,1,309.46827544,yahoo_bootstrap
2025-01-21,347,348,341.5,343,649193,0,1,305.9009178,yahoo_bootstrap
2025-01-22,344.5,347,340.5,347,772093,0,1,309.46827544,yahoo_bootstrap
2025-02-03,344,357.5,340.5,357.5,1889147,0,1,318.83258925,yahoo_bootstrap
2025-02-04,353.5,357.5,348,352,1648321,0,1,313.92747249,yahoo_bootstrap
2025-02-05,355,360,351.5,354.5,1348588,0,1,316.15707102,yahoo_bootstrap
2025-02-06,355,357.5,350.5,355.5,941194,0,1,317.04891043,yahoo_bootstrap
2025-02-07,355.5,357,350.5,355,702246,0,1,316.60299072,yahoo_bootstrap
2025-02-10,355,355,348,348,891710,0,1,310.36011485,yahoo_bootstrap
2025-02-11,351,353,346.5,351.5,1099530,0,1,313.48155279,yahoo_bootstrap
2025-02-12,361,361,349.5,352.5,1069776,0,1,314.3733922,yahoo_bootstrap
2025-02-13,353.5,356,351,354.5,897380,0,1,316.15707102,yahoo_bootstrap
2025-02-14,353.5,354,345,349.5,1104645,0,1,311.69787396,yahoo_bootstrap
2025-02-17,350,351,346,349,362203,0,1,311.25195426,yahoo_bootstrap
2025-02-18,348,360.5,347,360,1611706,0,1,321.06218777,yahoo_bootstrap
2025-02-19,359.5,360,355.5,357.5,740589,0,1,318.83258925,yahoo_bootstrap
2025-02-20,358,369.5,358,369.5,1886296,0,1,329.53466217,yahoo_bootstrap
2025-02-21,370,395,367,389.5,2902240,0,1,347.37145038,yahoo_bootstrap
2025-02-24,387,387,378,380.5,1249199,0,1,339.34489569,yahoo_bootstrap
2025-02-25,383,386,378.5,381,1067090,0,1,339.79081539,yahoo_bootstrap
2025-02-26,379.5,380,375,377.5,732744,0,1,336.66937746,yahoo_bootstrap
2025-02-27,378.5,381.5,374.5,377,862815,0,1,336.22345775,yahoo_bootstrap
2025-03-03,376,388,373.5,385,1361474,0,1,343.35817304,yahoo_bootstrap
2025-03-04,382,386,376,384,1828053,0,1,342.46633363,yahoo_bootstrap
2025-03-05,384.5,389.5,380.5,384.5,1258052,0,1,342.91225333,yahoo_bootstrap
2025-03-06,382.5,387.5,382.5,384,1228531,0,1,342.46633363,yahoo_bootstrap
2025-03-07,385,386,382.5,384.5,1308208,0,1,342.91225333,yahoo_bootstrap
2025-03-10,384.5,384.5,375,379,810007,0,1,338.00713657,yahoo_bootstrap
2025-03-11,376,376,359,361.5,2921495,0,1,322.39994689,yahoo_bootstrap
2025-03-12,362.5,364,358.5,362,1511289,0,1,322.8458666,yahoo_bootstrap
2025-03-13,363,365,350.5,351,2566781,0,1,313.03563308,yahoo_bootstrap
2025-03-14,350,351.5,332,338.5,3669325,0,1,301.88764045,yahoo_bootstrap
2025-03-17,339,344,329,329,2659282,0,1,293.41516605,yahoo_bootstrap
2025-03-18,331,335,328.5,332,1698340,0,1,296.09068428,yahoo_bootstrap
2025-03-19,332,338,331.5,333,1492965,0,1,296.98252369,yahoo_bootstrap
2025-03-20,337.5,338,334.5,335,1224502,0,1,298.76620251,yahoo_bootstrap
2025-03-21,337,340,335.5,340,1658388,0,1,303.22539957,yahoo_bootstrap
2025-03-24,341,345.5,337,342,1727276,0,1,305.00907839,yahoo_bootstrap
2025-03-25,342.5,345.5,339.5,343.5,1351918,0,1,306.3468375,yahoo_bootstrap
2025-03-26,343,346.5,341.5,343.5,1331351,0,1,306.3468375,yahoo_bootstrap
2025-03-27,331,331,316,322,2827147,10.1,1,295.87187065,yahoo_bootstrap
2025-03-28,322,323,316.5,323,1375359,0,1,296.79072739,yahoo_bootstrap
2025-03-31,319,319,306,306.5,2322430,0,1,281.62959116,yahoo_bootstrap
2025-04-01,311,318.5,309.5,316.5,1203682,0,1,290.81815858,yahoo_bootstrap
2025-04-02,316.5,318.5,311.5,316.5,843075,0,1,290.81815858,yahoo_bootstrap
2025-04-07,285,285,285,285,276461,0,1,261.87417123,yahoo_bootstrap
2025-04-08,256.5,256.5,256.5,256.5,1808917,0,1,235.68675411,yahoo_bootstrap
2025-04-09,231,231,231,231,1206967,0,1,212.25590721,yahoo_bootstrap
2025-04-10,254,254,253,254,5458302,0,1,233.38961225,yahoo_bootstrap
2025-04-11,250,256.5,229,256,5643096,0,1,235.22732574,yahoo_bootstrap
2025-04-14,257.5,279,256,271.5,4340762,0,1,249.46960522,yahoo_bootstrap
2025-04-15,272,280.5,270.5,279,2938447,0,1,256.36103078,yahoo_bootstrap
2025-04-16,274,279,268,268.5,2760651,0,1,246.713035,yahoo_bootstrap
2025-04-17,269.5,277,265.5,268,1618618,0,1,246.25360663,yahoo_bootstrap
2025-04-18,268,268,259,261,2170688,0,1,239.82160944,yahoo_bootstrap
2025-04-21,258.5,260,246.5,247,2373260,0,1,226.95761507,yahoo_bootstrap
2025-04-22,244.5,257,239,252.5,3346100,0,1,232.01132714,yahoo_bootstrap
2025-04-23,258,274,258,271,2553403,0,1,249.01017685,yahoo_bootstrap
2025-04-24,269,277,269,274,2433091,0,1,251.76674708,yahoo_bootstrap
2025-04-25,275.5,283,273.5,282,1727642,0,1,259.11760101,yahoo_bootstrap
2025-04-28,282.5,286.5,282,283.5,954820,0,1,260.49588612,yahoo_bootstrap
2025-04-29,292,292,282,286,1429077,0,1,262.79302797,yahoo_bootstrap
2025-04-30,287,288,282,284,890181,0,1,260.95531449,yahoo_bootstrap
2025-05-02,288,289,281,284.5,1022630,0,1,261.41474286,yahoo_bootstrap
2025-05-05,270,272,256.5,256.5,3019493,0,1,235.68675411,yahoo_bootstrap
2025-05-06,237.5,253.5,237.5,248,7552282,0,1,227.87647181,yahoo_bootstrap
2025-05-07,253.5,260.5,252.5,259.5,2473735,0,1,238.44332433,yahoo_bootstrap
2025-05-08,254,265,253.5,265,2515669,0,1,243.49703641,yahoo_bootstrap
2025-05-09,266,276,265.5,275,1652265,0,1,252.68560382,yahoo_bootstrap
2025-05-12,279,282.5,275.5,282.5,1026483,0,1,259.57702938,yahoo_bootstrap
2025-05-13,285,288,277,278,1351483,0,1,255.44217404,yahoo_bootstrap
2025-05-14,283.5,286.5,281,282.5,1599580,0,1,259.57702938,yahoo_bootstrap
2025-05-15,284,284,278.5,284,966212,0,1,260.95531449,yahoo_bootstrap
2025-05-16,290,290,281.5,285.5,798225,0,1,262.3335996,yahoo_bootstrap
2025-05-19,280.5,282.5,279.5,280,997365,0,1,257.27988752,yahoo_bootstrap
2025-05-20,280,283.5,269,273.5,1782483,0,1,251.30731871,yahoo_bootstrap
2025-05-21,272,280,270,279.5,1302401,0,1,256.82045915,yahoo_bootstrap
2025-05-22,277.5,280,273,276.5,1524122,0,1,254.06388893,yahoo_bootstrap
2025-05-23,263,272.5,262,268,2712376,0,1,246.25360663,yahoo_bootstrap
2025-05-26,264,272,264,270,1653289,0,1,248.09132011,yahoo_bootstrap
2025-05-27,271.5,271.5,265.5,266,1212220,0,1,244.41589315,yahoo_bootstrap
2025-05-28,270,273.5,267,268.5,1221483,0,1,246.713035,yahoo_bootstrap
2025-05-29,275,280,273,276,2650931,0,1,253.60446056,yahoo_bootstrap
2025-06-02,269.5,269.5,264,267,2519725,0,1,245.33474989,yahoo_bootstrap
2025-06-03,269,270,264,267,1458050,0,1,245.33474989,yahoo_bootstrap
2025-06-04,268.5,269,255.5,257,3115351,0,1,236.14618248,yahoo_bootstrap
2025-06-05,258.5,263,247.5,248,2809485,0,1,227.87647181,yahoo_bootstrap
2025-06-06,250.5,253.5,245,245,2076124,0,1,225.11990158,yahoo_bootstrap
2025-06-09,249,254,247.5,249.5,2564111,0,1,229.25475692,yahoo_bootstrap
2025-06-10,251.5,253.5,246.5,246.5,2258723,0,1,226.4981867,yahoo_bootstrap
2025-06-11,249,250,242,247.5,2748243,0,1,227.41704344,yahoo_bootstrap
2025-06-12,249.5,252,243,243,2306831,0,1,223.2821881,yahoo_bootstrap
2025-06-13,243,244.5,238,238.5,1313493,0,1,219.14733277,yahoo_bootstrap
2025-06-16,235,240,230,237,3151436,0,1,217.76904765,yahoo_bootstrap
2025-06-17,235.5,246.5,235.5,243,2915329,0,1,223.2821881,yahoo_bootstrap
2025-06-18,239,242.5,234,240.5,2939437,0,1,220.98504625,yahoo_bootstrap
2025-06-19,238.5,239.5,231.5,233,2739665,0,1,214.09362069,yahoo_bootstrap
2025-06-20,234,234,226.5,226.5,2967122,0,1,208.12105187,yahoo_bootstrap
2025-06-23,224.5,229.5,222,229,2047140,0,1,210.41819372,yahoo_bootstrap
2025-06-24,232.5,234,229,231.5,1862121,0,1,212.71533558,yahoo_bootstrap
2025-06-25,235,239.5,231,235.5,2182084,0,1,216.39076254,yahoo_bootstrap
2025-06-26,236,241,236,238,1490531,0,1,218.6879044,yahoo_bootstrap
2025-06-27,241,245.5,237.5,245,1834870,0,1,225.11990158,yahoo_bootstrap
2025-06-30,245,245.5,236,236,3807438,0,1,216.85019091,yahoo_bootstrap
2025-07-01,239.5,246,236,238.5,5081423,0,1,219.14733277,yahoo_bootstrap
2025-07-02,240,253.5,240,252.5,2883157,0,1,232.01132714,yahoo_bootstrap
2025-07-03,265,269,250.5,251.5,3541466,0,1,231.0924704,yahoo_bootstrap
2025-07-04,254,256,252,255,1437846,0,1,234.308469,yahoo_bootstrap
2025-07-07,254.5,255,249,255,1117288,0,1,234.308469,yahoo_bootstrap
2025-07-08,252.5,252.5,247,252,1629296,0,1,231.55189877,yahoo_bootstrap
2025-07-09,250,253,248.5,251.5,1136252,0,1,231.0924704,yahoo_bootstrap
2025-07-10,251.5,252,247,248,1039374,0,1,227.87647181,yahoo_bootstrap
2025-07-11,250,252.5,247.5,250,843219,0,1,229.71418529,yahoo_bootstrap
2025-07-14,250,250,244,245,1024135,0,1,225.11990158,yahoo_bootstrap
2025-07-15,246,248,243,245,843175,0,1,225.11990158,yahoo_bootstrap
2025-07-16,248.5,254,246,250,2389888,0,1,229.71418529,yahoo_bootstrap
2025-07-17,251.5,257.5,251.5,254,2461761,0,1,233.38961225,yahoo_bootstrap
2025-07-18,254.5,256,250,253,2392656,0,1,232.47075551,yahoo_bootstrap
2025-07-21,254.5,263.5,253,263.5,3790440,0,1,242.11875129,yahoo_bootstrap
2025-07-22,262.5,267.5,256,260.5,7052004,0,1,239.36218107,yahoo_bootstrap
2025-07-23,263,269,262,266.5,2753442,0,1,244.87532152,yahoo_bootstrap
2025-07-24,267,270,265.5,267.5,1938754,0,1,245.79417826,yahoo_bootstrap
2025-07-25,266,268,263.5,265,1202531,0,1,243.49703641,yahoo_bootstrap
2025-07-28,265,270.5,264.5,269,1578915,0,1,247.17246337,yahoo_bootstrap
2025-07-29,271,272.5,265.5,268.5,1682200,0,1,246.713035,yahoo_bootstrap
2025-07-30,270,270.5,261,266.5,910186,0,1,244.87532152,yahoo_bootstrap
2025-07-31,267,267,263,264.5,465758,0,1,243.03760804,yahoo_bootstrap
2025-08-04,265.5,269.5,264.5,269.5,766377,0,1,247.63189174,yahoo_bootstrap
2025-08-05,270,270.5,267,268.5,1290285,0,1,246.713035,yahoo_bootstrap
2025-08-06,270,270,265,265,1077429,0,1,243.49703641,yahoo_bootstrap
2025-08-07,266.5,272,266.5,269,1277571,0,1,247.17246337,yahoo_bootstrap
2025-08-08,269,270,264,267,1038544,0,1,245.33474989,yahoo_bootstrap
2025-08-11,266,266.5,263,266.5,966408,0,1,244.87532152,yahoo_bootstrap
2025-08-12,266,267,263,263,833639,0,1,241.65932292,yahoo_bootstrap
2025-08-13,265,267,259.5,262,1193776,0,1,240.74046618,yahoo_bootstrap
2025-08-14,263,271.5,262,269,1505990,0,1,247.17246337,yahoo_bootstrap
2025-08-15,269,271,266,269.5,1715547,6,1,253.28128851,yahoo_bootstrap
2025-08-18,266.5,271,262.5,266.5,1353288,0,1,250.46183075,yahoo_bootstrap
2025-08-19,266,266,259,261.5,1208055,0,1,245.76273449,yahoo_bootstrap
2025-08-20,263,264.5,259.5,263,1094848,0,1,247.17246337,yahoo_bootstrap
2025-08-21,263.5,269.5,261,269,1557720,0,1,252.81137889,yahoo_bootstrap
2025-08-22,268,269,264,267,1800230,0,1,250.93174038,yahoo_bootstrap
2025-08-25,269,273,267,268,1216635,0,1,251.87155963,yahoo_bootstrap
2025-08-26,268,268,265,266,598522,0,1,249.99192113,yahoo_bootstrap
2025-08-27,267,268,263,263.5,1417359,0,1,247.642373,yahoo_bootstrap
2025-08-28,264,267.5,263,265,646335,0,1,249.05210188,yahoo_bootstrap
2025-08-29,266.5,269.5,266,268.5,995111,0,1,252.34146926,yahoo_bootstrap
2025-09-01,268,271,264,267,1056184,0,1,250.93174038,yahoo_bootstrap
2025-09-02,268,269,262,268.5,1285491,0,1,252.34146926,yahoo_bootstrap
2025-09-03,271,281,264.5,281,6339903,0,1,264.08920991,yahoo_bootstrap
2025-09-04,281.5,287.5,277.5,281.5,2294643,0,1,264.55911954,yahoo_bootstrap
2025-09-05,282,284.5,279,282.5,1316546,0,1,265.49893879,yahoo_bootstrap
2025-09-08,283.5,288,282,286.5,1931814,0,1,269.2582158,yahoo_bootstrap
2025-09-09,288,288,277.5,279.5,1573676,0,1,262.67948104,yahoo_bootstrap
2025-09-10,279.5,290,276.5,290,2869559,0,1,272.54758318,yahoo_bootstrap
2025-09-11,291,294.5,287.5,287.5,1401459,0,1,270.19803505,yahoo_bootstrap
2025-09-12,292,297,291.5,291.5,1725486,0,1,273.95731206,yahoo_bootstrap
2025-09-15,289.5,291,283.5,284,1912753,0,1,266.90866767,yahoo_bootstrap
2025-09-16,287.5,291,285.5,287,1572667,0,1,269.72812543,yahoo_bootstrap
2025-09-17,286,297.5,285,294.5,2492890,0,1,276.77676982,yahoo_bootstrap
2025-09-18,298.5,300.5,294.5,295,2436458,0,1,277.24667945,yahoo_bootstrap
2025-09-19,295.5,296,288.5,292,1203506,0,1,274.42722169,yahoo_bootstrap
2025-09-22,293.5,296,291,294,753478,0,1,276.30686019,yahoo_bootstrap
2025-09-23,294,296,291,294,927443,0,1,276.30686019,yahoo_bootstrap
2025-09-24,294,295.5,290.5,294.5,467314,0,1,276.77676982,yahoo_bootstrap
2025-09-25,295.5,297.5,293.5,294.5,510585,0,1,276.77676982,yahoo_bootstrap
2025-09-26,294,294,288,289,920312,0,1,271.60776393,yahoo_bootstrap
2025-09-30,291.5,292,287.5,290,631315,0,1,272.54758318,yahoo_bootstrap
2025-10-01,290,290,282,282.5,908228,0,1,265.49893879,yahoo_bootstrap
2025-10-02,284.5,284.5,280,280,1122450,0,1,263.14939066,yahoo_bootstrap
2025-10-03,273,276.5,269,273,1774674,0,1,256.57065589,yahoo_bootstrap
2025-10-07,272.5,278,271.5,275.5,655095,0,1,258.92020403,yahoo_bootstrap
2025-10-08,276,282.5,276,281.5,741147,0,1,264.55911954,yahoo_bootstrap
2025-10-09,282,283.5,278.5,278.5,508781,0,1,261.73966178,yahoo_bootstrap
2025-10-13,275,278.5,272,278.5,695076,0,1,261.73966178,yahoo_bootstrap
2025-10-14,279.5,281.5,274,274.5,679583,0,1,257.98038477,yahoo_bootstrap
2025-10-15,275,278,273.5,274.5,511342,0,1,257.98038477,yahoo_bootstrap
2025-10-16,284.5,290,282.5,288,1498944,0,1,270.66794468,yahoo_bootstrap
2025-10-17,284,288,283,284,557401,0,1,266.90866767,yahoo_bootstrap
2025-10-20,285,285.5,281.5,284,502520,0,1,266.90866767,yahoo_bootstrap
2025-10-21,284,286.5,283,284.5,605703,0,1,267.3785773,yahoo_bootstrap
2025-10-22,284.5,292,284.5,291,1268221,0,1,273.48740244,yahoo_bootstrap
2025-10-23,288,290,284,287,799552,0,1,269.72812543,yahoo_bootstrap
2025-10-27,288.5,288.5,278,278,1441999,0,1,261.26975216,yahoo_bootstrap
2025-10-28,281,283.5,279,282,557267,0,1,265.02902917,yahoo_bootstrap
2025-10-29,282,282,269,276,1643840,0,1,259.39011365,yahoo_bootstrap
2025-10-30,276.5,278.5,270,271.5,1043560,0,1,255.16092702,yahoo_bootstrap
2025-10-31,273.5,273.5,269,269,639151,0,1,252.81137889,yahoo_bootstrap
2025-11-03,272.5,274.5,269,270,774172,0,1,253.75119814,yahoo_bootstrap
2025-11-04,271,274.5,268,270,912610,0,1,253.75119814,yahoo_bootstrap
2025-11-05,270,277,265,277,1276826,0,1,260.3299329,yahoo_bootstrap
2025-11-06,278,278,274,277.5,733175,0,1,260.79984253,yahoo_bootstrap
2025-11-07,286.5,301.5,284.5,295,3322358,0,1,277.24667945,yahoo_bootstrap
2025-11-10,290.5,294,281.5,283,1000070,0,1,265.96884842,yahoo_bootstrap
2025-11-11,284.5,289.5,284,285,516158,0,1,267.84848692,yahoo_bootstrap
2025-11-12,286,290,283.5,290,533763,0,1,272.54758318,yahoo_bootstrap
2025-11-13,293,295,288.5,295,608598,0,1,277.24667945,yahoo_bootstrap
2025-11-14,295,321.5,294,307.5,3920854,0,1,288.9944201,yahoo_bootstrap
2025-11-17,309,315,302.5,309,1325415,0,1,290.40414898,yahoo_bootstrap
2025-11-18,307.5,308.5,294.5,298,1672494,0,1,280.0661372,yahoo_bootstrap
2025-11-19,296,316,292.5,311,2974526,0,1,292.28378748,yahoo_bootstrap
2025-11-20,311,313.5,287,291.5,3234948,0,1,273.95731206,yahoo_bootstrap
2025-11-21,292.5,303,290.5,300.5,2456227,0,1,282.41568533,yahoo_bootstrap
2025-11-24,303,309.5,295,309,1704832,0,1,290.40414898,yahoo_bootstrap
2025-11-25,307,308.5,301.5,308.5,1213300,0,1,289.93423935,yahoo_bootstrap
2025-11-26,317,328.5,313,321,2537186,0,1,301.68198001,yahoo_bootstrap
2025-11-27,321.5,324.5,316,318.5,1051595,0,1,299.33243188,yahoo_bootstrap
2025-11-28,320.5,322,316,316.5,780166,0,1,297.45279337,yahoo_bootstrap
2025-12-01,316.5,322,316.5,320,823373,0,1,300.74216076,yahoo_bootstrap
2025-12-02,321.5,323,317.5,318,1162127,0,1,298.86252225,yahoo_bootstrap
2025-12-03,320,322,307,307,1985318,0,1,288.52451048,yahoo_bootstrap
2025-12-04,307.5,311,307.5,309.5,472131,0,1,290.87405861,yahoo_bootstrap
2025-12-05,309.5,310,301,306,926032,0,1,287.58469122,yahoo_bootstrap
2025-12-08,306,306.5,300,300.5,728265,0,1,282.41568533,yahoo_bootstrap
2025-12-09,302,302,294,295,985463,0,1,277.24667945,yahoo_bootstrap
2025-12-10,296,301,294.5,296.5,918475,0,1,278.65640833,yahoo_bootstrap
2025-12-11,299,299.5,292.5,294.5,971422,0,1,276.77676982,yahoo_bootstrap
2025-12-12,294.5,301,294.5,298.5,766225,0,1,280.53604683,yahoo_bootstrap
2025-12-15,297,303,294,294,1264416,0,1,276.30686019,yahoo_bootstrap
2025-12-16,294,301.5,294,298.5,2000395,0,1,280.53604683,yahoo_bootstrap
2025-12-17,301,308.5,301,303,2553465,0,1,284.76523347,yahoo_bootstrap
2025-12-18,304,305.5,295,296.5,1989310,0,1,278.65640833,yahoo_bootstrap
2025-12-19,298,306,298,301.5,2537195,0,1,283.35550459,yahoo_bootstrap
2025-12-22,301.5,303,295.5,299,1777019,0,1,281.00595646,yahoo_bootstrap
2025-12-23,299,304.5,297,298.5,1386111,0,1,280.53604683,yahoo_bootstrap
2025-12-24,301,303.5,297,297,1363268,0,1,279.12631795,yahoo_bootstrap
2025-12-26,299,301.5,294.5,294.5,1401568,0,1,276.77676982,yahoo_bootstrap
2025-12-29,298,298,294,294.5,436109,0,1,276.77676982,yahoo_bootstrap
2025-12-30,294.5,299.5,294.5,299,583392,0,1,281.00595646,yahoo_bootstrap
2025-12-31,299,299,288.5,288.5,1428601,0,1,271.13785431,yahoo_bootstrap
2026-01-02,290.5,292,283.5,283.5,1019893,0,1,266.43875804,yahoo_bootstrap
2026-01-05,284,288.5,279.5,287,1330060,0,1,269.72812543,yahoo_bootstrap
2026-01-06,289.5,292.5,288,291.5,1166329,0,1,273.95731206,yahoo_bootstrap
2026-01-07,293,299.5,291.5,297.5,1540610,0,1,279.59622758,yahoo_bootstrap
2026-01-08,298,312,297,309.5,2007631,0,1,290.87405861,yahoo_bootstrap
2026-01-09,314,324.5,313,317.5,2870560,0,1,298.39261262,yahoo_bootstrap
2026-01-12,317,317.5,309.5,313.5,1264763,0,1,294.63333562,yahoo_bootstrap
2026-01-13,314,314.5,307.5,308,1307583,0,1,289.46432973,yahoo_bootstrap
2026-01-14,314,334.5,313,327,2970505,0,1,307.32089552,yahoo_bootstrap
2026-01-15,332,344,328,338.5,3873943,0,1,318.12881692,yahoo_bootstrap
2026-01-16,338.5,339.5,324.5,326,1471235,0,1,306.38107627,yahoo_bootstrap
2026-01-19,325,336,319.5,320.5,1382620,0,1,301.21207038,yahoo_bootstrap
2026-01-20,319,326,318.5,325.5,1123482,0,1,305.91116664,yahoo_bootstrap
2026-01-21,323.5,327.5,319.5,323.5,1180248,0,1,304.03152814,yahoo_bootstrap
2026-01-22,328,333.5,324.5,326.5,1560077,0,1,306.8509859,yahoo_bootstrap
2026-01-23,329,329,314,317,1499519,0,1,297.922703,yahoo_bootstrap
2026-01-26,320,322,314.5,319.5,967580,0,1,300.27225113,yahoo_bootstrap
2026-01-27,321,323,317.5,320,935165,0,1,300.74216076,yahoo_bootstrap
2026-01-28,321.5,321.5,310.5,311,1339500,0,1,292.28378748,yahoo_bootstrap
2026-01-29,312,316.5,308,313,1002397,0,1,294.16342599,yahoo_bootstrap
2026-01-30,315,315,305.5,305.5,952288,0,1,287.1147816,yahoo_bootstrap
2026-02-02,306.5,310,304,309,646396,0,1,290.40414898,yahoo_bootstrap
2026-02-03,311,318,309.5,315,735377,0,1,296.04306449,yahoo_bootstrap
2026-02-04,311.5,317,307,312,1529415,0,1,293.22360674,yahoo_bootstrap
2026-02-05,312,324.5,312,319,1306362,0,1,299.8023415,yahoo_bootstrap
2026-02-06,318,319,313,318,488056,0,1,298.86252225,yahoo_bootstrap
2026-02-09,320,320.5,310,313,822395,0,1,294.16342599,yahoo_bootstrap
2026-02-10,315,317.5,311.5,313,774111,0,1,294.16342599,yahoo_bootstrap
2026-02-11,314,315.5,310,310.5,619455,0,1,291.81387786,yahoo_bootstrap
2026-02-23,314,326,305.5,322,1480518,0,1,302.62179926,yahoo_bootstrap
2026-02-24,322,323,313.5,318.5,1933280,0,1,299.33243188,yahoo_bootstrap
2026-02-25,320,325,317.5,320,1671500,0,1,300.74216076,yahoo_bootstrap
2026-02-26,320,327,319,320,1086029,0,1,300.74216076,yahoo_bootstrap
2026-03-02,319,325,319,320.5,1634442,0,1,301.21207038,yahoo_bootstrap
2026-03-03,320,324.5,310,315,2235176,0,1,296.04306449,yahoo_bootstrap
2026-03-04,315,315,306,306.5,2637755,0,1,288.05460085,yahoo_bootstrap
2026-03-05,312,312,300.5,309.5,1481256,0,1,290.87405861,yahoo_bootstrap
2026-03-06,308,309,301,308,964165,0,1,289.46432973,yahoo_bootstrap
2026-03-09,298,299.5,290,292.5,1338466,0,1,274.89713132,yahoo_bootstrap
2026-03-10,297,299.5,287,287.5,1612201,0,1,270.19803505,yahoo_bootstrap
2026-03-11,288.5,291.5,283,288.5,1650479,0,1,271.13785431,yahoo_bootstrap
2026-03-12,286,293,285.5,289,1630331,0,1,271.60776393,yahoo_bootstrap
2026-03-13,285,294,280.5,285.5,2052190,0,1,268.31839655,yahoo_bootstrap
2026-03-16,286,302,283,293,1386000,0,1,275.36704094,yahoo_bootstrap
2026-03-17,293.5,296,287,287,1351316,0,1,269.72812543,yahoo_bootstrap
2026-03-18,290.5,299,289,297,1612794,0,1,279.12631795,yahoo_bootstrap
2026-03-19,292,294.5,287,293,1972206,0,1,275.36704094,yahoo_bootstrap
2026-03-20,292,293,275.5,285,3419647,0,1,267.84848692,yahoo_bootstrap
2026-03-23,280,282,267,267,1969150,0,1,250.93174038,yahoo_bootstrap
2026-03-24,273,273.5,270,270,1271906,0,1,253.75119814,yahoo_bootstrap
2026-03-25,275,275,268,268,1899150,0,1,251.87155963,yahoo_bootstrap
2026-03-26,262,262.5,241.5,246,4539095,9,1,239.2293578,yahoo_bootstrap
2026-03-27,243,250,243,247,2260312,0,1,240.20183486,yahoo_bootstrap
2026-03-30,244,244.5,235.5,235.5,1805599,0,1,229.01834862,yahoo_bootstrap
2026-03-31,230,235,226,227.5,2515206,0,1,221.23853211,yahoo_bootstrap
2026-04-01,234,234,225.5,228,3449044,0,1,221.72477064,yahoo_bootstrap
2026-04-02,228,229.5,215.5,219,2827069,0,1,212.97247706,yahoo_bootstrap
2026-04-07,222.5,222.5,216.5,218.5,1313458,0,1,212.48623853,yahoo_bootstrap
2026-04-08,220,221.5,217.5,220,1785401,0,1,213.94495413,yahoo_bootstrap
2026-04-09,223,224.5,220.5,222.5,1303351,0,1,216.37614679,yahoo_bootstrap
2026-04-10,224,224,218.5,219.5,995224,0,1,213.4587156,yahoo_bootstrap
2026-04-13,221,221,211,215.5,2246391,0,1,209.56880734,yahoo_bootstrap
2026-04-14,217,220,214.5,216.5,1391666,0,1,210.5412844,yahoo_bootstrap
2026-04-15,216.5,218,213.5,215,1294355,0,1,209.08256881,yahoo_bootstrap
2026-04-16,219,219,215,216.5,1592710,0,1,210.5412844,yahoo_bootstrap
2026-04-17,217.5,217.5,215,215,1139504,0,1,209.08256881,yahoo_bootstrap
2026-04-20,217,226.5,217,225,2759106,0,1,218.80733945,yahoo_bootstrap
2026-04-21,226,227,222,224.5,1577219,0,1,218.32110092,yahoo_bootstrap
2026-04-22,224.5,224.5,218,220,2239277,0,1,213.94495413,yahoo_bootstrap
2026-04-23,218.5,223,215,220,2009352,0,1,213.94495413,yahoo_bootstrap
2026-04-24,220,220,215.5,217,1882820,0,1,211.02752294,yahoo_bootstrap
2026-04-27,219,219,213,215,2091528,0,1,209.08256881,yahoo_bootstrap
2026-04-28,216,218,214.5,217.5,1875363,0,1,211.51376147,yahoo_bootstrap
2026-04-29,220,220,211.5,212,2121704,0,1,206.16513761,yahoo_bootstrap
2026-04-30,212,213.5,210,211.5,1300379,0,1,205.67889908,yahoo_bootstrap
2026-05-04,211.5,212.5,208.5,211,1485365,0,1,205.19266055,yahoo_bootstrap
2026-05-05,211,213,203,211,4003922,0,1,205.19266055,yahoo_bootstrap
2026-05-06,211,216,208,212.5,2313539,0,1,206.65137615,yahoo_bootstrap
2026-05-07,212,224,212,220.5,3189774,0,1,214.43119266,yahoo_bootstrap
2026-05-08,223,225.5,218,221.5,2579588,0,1,215.40366972,yahoo_bootstrap
2026-05-11,223.5,226,215.5,218,2006587,0,1,212,yahoo_bootstrap
2026-05-12,218.5,230.5,216.5,228.5,4747251,0,1,222.21100917,yahoo_bootstrap
2026-05-13,228,232,225.5,229,3105388,0,1,222.69724771,yahoo_bootstrap
2026-05-14,231,231,222.5,223,2679563,0,1,216.86238532,yahoo_bootstrap
2026-05-15,224,225.5,217,218,3141694,0,1,212,yahoo_bootstrap
2026-05-18,219,220,213,213.5,1993075,0,1,207.62385321,yahoo_bootstrap
2026-05-19,214,215.5,209.5,210,2172287,0,1,204.22018349,yahoo_bootstrap
2026-05-20,212.5,217,210.5,213,2676710,0,1,207.13761468,yahoo_bootstrap
2026-05-21,216,217.5,214,217.5,2289620,0,1,211.51376147,yahoo_bootstrap
2026-05-22,218,222,215.5,219,2380577,0,1,212.97247706,yahoo_bootstrap
2026-05-25,219,219.5,215.5,215.5,2974626,0,1,209.56880734,yahoo_bootstrap
2026-05-26,215.5,217.5,211.5,212,2566586,0,1,206.16513761,yahoo_bootstrap
2026-05-27,215,220.5,213,215.5,4033626,0,1,209.56880734,yahoo_bootstrap
2026-05-28,217.5,221,215.5,217.5,2595387,0,1,211.51376147,yahoo_bootstrap
2026-05-29,217.5,219.5,216,216.5,1703523,0,1,210.5412844,yahoo_bootstrap
2026-06-01,216.5,223.5,215.5,222.5,2907072,0,1,216.37614679,yahoo_bootstrap
2026-06-02,222.5,226,220.5,226,2406297,0,1,219.77981651,yahoo_bootstrap
2026-06-03,227,232,224,230.5,3416858,0,1,224.1559633,yahoo_bootstrap
2026-06-04,231,232.5,228,230,2983133,0,1,223.66972477,yahoo_bootstrap
2026-06-05,233,234,226.5,228,2395785,0,1,221.72477064,yahoo_bootstrap
2026-06-08,214,225.5,213,225,3152804,0,1,218.80733945,yahoo_bootstrap
2026-06-09,225.5,228,224,226,1610288,0,1,219.77981651,yahoo_bootstrap
2026-06-10,226,227.5,221,222,1996935,0,1,215.88990826,yahoo_bootstrap
2026-06-11,220.5,226,219,225,1762133,0,1,218.80733945,yahoo_bootstrap
2026-06-12,228,228,223.5,224,1057500,0,1,217.83486239,yahoo_bootstrap
2026-06-15,227,227,217,218,3143889,0,1,212,yahoo_bootstrap
2026-06-16,218,222,215,219.5,2941349,0,1,213.4587156,yahoo_bootstrap
2026-06-17,219.5,220,216,217,1716745,0,1,211.02752294,yahoo_bootstrap
2026-06-18,217,221.5,216.5,221.5,4378841,0,1,215.40366972,yahoo_bootstrap
2026-06-22,222,223.5,213.5,213.5,5605903,0,1,207.62385321,yahoo_bootstrap
2026-06-23,213.5,217.5,210,215,5178373,0,1,209.08256881,yahoo_bootstrap
2026-06-24,215,219,214,217,5608176,0,1,211.02752294,yahoo_bootstrap
2026-06-25,220,227,220,221,6723424,0,1,214.91743119,yahoo_bootstrap
2026-06-26,220.5,224,216,216,3070238,0,1,210.05504587,yahoo_bootstrap
2026-06-29,217,222.5,217,222,2293570,0,1,215.88990826,yahoo_bootstrap
2026-06-30,222,224,217,219,2290415,0,1,212.97247706,yahoo_bootstrap
2026-07-01,220,225,217,224,3262064,0,1,217.83486239,yahoo_bootstrap
2026-07-02,223.5,225,220.5,222,1403330,0,1,215.88990826,yahoo_bootstrap
2026-07-03,222,230,221.5,228.5,2719650,0,1,222.21100917,yahoo_bootstrap
2026-07-06,230,233.5,227.5,230,3083178,0,1,223.66972477,yahoo_bootstrap
2026-07-07,231,233.5,227.5,231.5,4879848,0,1,225.12844037,yahoo_bootstrap
2026-07-08,233,234,221,224,3749416,0,1,217.83486239,yahoo_bootstrap
2026-07-09,224.5,225,219.5,222.5,1927565,0,1,216.37614679,yahoo_bootstrap
2026-07-10,222.5,222.5,222.5,222.5,0,0,1,216.37614679,yahoo_bootstrap
2026-07-13,224.5,228,223.5,226,2706695,0,1,219.77981651,yahoo_bootstrap
2026-07-14,226,226,217.5,220,1931664,0,1,213.94495413,yahoo_bootstrap
2026-07-15,222,222,215.5,217,1606415,0,1,211.02752294,yahoo_bootstrap
2026-07-16,217,220.5,215.5,219.5,1284147,0,1,213.4587156,yahoo_bootstrap
2026-07-17,216.5,222,214,216,2046175,0,1,210.05504587,yahoo_bootstrap
2026-07-20,218.5,221,213.5,216,1045040,0,1,210.05504587,yahoo_bootstrap
2026-07-21,217,219.5,214.5,218,1178114,0,1,212,yahoo_bootstrap
2026-07-22,220,220,214,214.5,1706483,0,1,208.59633028,yahoo_bootstrap
2026-07-23,215,215,211,214.5,1165088,0,1,208.59633028,yahoo_bootstrap
2026-07-24,213,215,212.5,215,923482,0,1,209.08256881,yahoo_bootstrap
2026-07-27,215,218,214.5,218,762446,0,1,212,yahoo_daily
2026-07-28,216.5,217,213.5,214.5,1034235,0,1,208.59633028,yahoo_daily
2026-07-29,217,217.5,210,216.5,1432260,0,1,210.5412844,yahoo_daily
2026-07-30,217,222,214.5,221,1908579,0,1,214.91743119,yahoo_daily
2026-07-31,222.5,224.5,218,219.5,2427549,0,1,213.4587156,yahoo_daily
2026-08-03,220,220,212.5,218.5,2687427,0,1,212.48623853,yahoo_daily
2026-08-04,215,225.5,215,222,2186217,0,1,215.88990826,yahoo_daily
2026-08-05,224,226,221.5,225,1972160,0,1,218.80733945,yahoo_daily
2026-08-06,225,229.5,225,226,2125215,0,1,219.77981651,yahoo_daily
2026-08-07,226,227.5,222,224,1561791,0,1,217.83486239,yahoo_daily
2026-08-10,225.5,225.5,221,222,1606278,0,1,215.88990826,yahoo_daily
2026-08-11,224,224,221,221.5,1536694,0,1,215.40366972,yahoo_daily
2026-08-12,223.5,224,218.5,219,2475126,0,1,212.97247706,yahoo_daily
2026-08-13,218.5,219.5,215.5,219.5,2321630,0,1,213.4587156,yahoo_daily
2026-08-14,220,220,215.5,218,2469753,0,1,212,yahoo_daily
2026-08-17,212,212.5,203,204.5,4634206,6,1,204.5,yahoo_daily
2026-08-18,205.5,205.5,195,197.5,3873284,0,1,197.5,yahoo_daily
2026-08-19,194,195,191,192.5,4194737,0,1,192.5,yahoo_daily
2026-08-20,193.5,201.5,193.5,201,1915435,0,1,201,yahoo_daily
2026-08-21,200.5,205,199,203,1419138,0,1,203,yahoo_daily
2026-08-24,202,202.5,199,201,1218847,0,1,201,yahoo_daily
2026-08-25,201.5,202.5,199,201,1531193,0,1,201,yahoo_daily
2026-08-26,200,201.5,196,197,1874129,0,1,197,yahoo_daily
2026-08-27,197,200,196,198.5,888370,0,1,198.5,yahoo_daily
2026-08-28,198.5,198.5,195.5,195.5,1120250,0,1,195.5,yahoo_daily
2026-08-31,195.5,197,192.5,194.5,1675550,0,1,194.5,yahoo_daily
2026-09-01,194.5,198,194,195.5,1165470,0,1,195.5,yahoo_daily
2026-09-02,195,196,194.5,196,1083034,0,1,196,yahoo_daily
2026-09-03,196,197.5,194,194,1271435,0,1,194,yahoo_daily
2026-09-04,195.5,196.5,193.5,196.5,971323,0,1,196.5,yahoo_daily
2026-09-07,198.5,198.5,193,195,1813514,0,1,195,yahoo_daily
2026-09-08,195,199.5,195,198,1194151,0,1,198,yahoo_daily
2026-09-09,197.5,198.5,195,197.5,1444177,0,1,197.5,yahoo_daily
2026-09-10,196,198,193.5,197.5,830689,0,1,197.5,yahoo_daily
2026-09-11,195,197.5,195,196.5,774135,0,1,196.5,yahoo_daily
2026-09-14,195,195.5,193,194.5,672182,0,1,194.5,yahoo_daily
2026-09-15,195,195,192,192,699016,0,1,192,yahoo_daily
2026-09-16,192,193,189,191,1880358,0,1,191,yahoo_daily
2026-09-17,192,195.5,191,194,1162283,0,1,194,yahoo_daily
2026-09-18,193,194.5,192,194,2045020,0,1,194,yahoo_daily
2026-09-21,194.5,194.5,191,191.5,910364,0,1,191.5,yahoo_daily
2026-09-22,192.5,192.5,188.5,190.5,2028595,0,1,190.5,yahoo_daily
2026-09-23,190.5,193,190.5,192.5,941512,0,1,192.5,yahoo_daily
2026-09-24,192.5,192.5,189,191,763691,0,1,191,yahoo_daily
2026-09-29,190.5,192.5,190,190,505563,0,1,190,yahoo_daily
2026-09-30,190.5,193,189.5,192,1232803,0,1,192,yahoo_daily
2026-10-01,192,192,189.5,190.5,893966,0,1,190.5,yahoo_daily
2026-10-02,190.5,192.5,189.5,192,654054,0,1,192,yahoo_daily
2026-10-05,193,199,191,197.5,2024051,0,1,197.5,yahoo_daily
2026-10-06,199,205.5,197.5,203.5,2189075,0,1,203.5,yahoo_daily
2026-10-07,204,207,202,202.5,1974258,0,1,202.5,yahoo_daily
2026-10-08,202,205,201,204,1533586,0,1,204,yahoo_daily
