date,open,high,low,close,volume,dividend,split_factor,adjusted_close,source
2021-08-27,39,39.5,38.54999924,39.15000153,347060,0,1,33.40016836,yahoo_bootstrap
2021-08-30,39.15000153,40,39.15000153,39.5,190256,0,1,33.69876369,yahoo_bootstrap
2021-08-31,39.45000076,39.79999924,38.79999924,38.95000076,366864,0,1,33.22954105,yahoo_bootstrap
2021-09-01,39.59999847,39.90000153,39,39.79999924,543674,0,1,33.95470302,yahoo_bootstrap
2021-09-02,39.79999924,39.90000153,39.20000076,39.34999847,183495,0,1,33.5707924,yahoo_bootstrap
2021-09-03,39.70000076,39.70000076,39.20000076,39.29999924,201105,0,1,33.52813639,yahoo_bootstrap
2021-09-06,39.29999924,39.34999847,39,39.04999924,271209,0,1,33.31485308,yahoo_bootstrap
2021-09-07,39.15000153,39.15000153,38.59999847,38.59999847,195056,0,1,32.93094245,yahoo_bootstrap
2021-09-08,38.75,39.95000076,38.65000153,39.90000153,786225,0,1,34.0400183,yahoo_bootstrap
2021-09-09,40,40,39.34999847,39.5,464115,0,1,33.69876369,yahoo_bootstrap
2021-09-10,39.75,39.79999924,39.09999847,39.5,219100,0,1,33.69876369,yahoo_bootstrap
2021-09-13,39.79999924,39.84999847,39.20000076,39.40000153,234139,0,1,33.61345167,yahoo_bootstrap
2021-09-14,39.70000076,39.70000076,39.29999924,39.5,248160,0,1,33.69876369,yahoo_bootstrap
2021-09-15,39.5,39.59999847,38.79999924,38.79999924,532138,0,1,33.10156976,yahoo_bootstrap
2021-09-16,39.34999847,39.54999924,39.04999924,39.54999924,362429,0,1,33.7414197,yahoo_bootstrap
2021-09-17,39.54999924,39.70000076,39.29999924,39.29999924,397016,0,1,33.52813639,yahoo_bootstrap
2021-09-22,39,39,38.29999924,38.5,378100,0,1,32.84563043,yahoo_bootstrap
2021-09-23,38.79999924,38.79999924,38.5,38.75,307001,0,1,33.05891375,yahoo_bootstrap
2021-09-24,38.79999924,39.20000076,38.75,39,232436,0,1,33.27219706,yahoo_bootstrap
2021-09-27,39.20000076,39.65000153,39,39.34999847,519000,0,1,33.5707924,yahoo_bootstrap
2021-09-28,39.29999924,39.29999924,39,39.20000076,160491,0,1,33.44282436,yahoo_bootstrap
2021-09-29,39.09999847,39.09999847,38.70000076,38.70000076,281133,0,1,33.01625773,yahoo_bootstrap
2021-09-30,38.90000153,38.90000153,38.34999847,38.34999847,468600,0,1,32.71765914,yahoo_bootstrap
2021-10-01,38.40000153,38.40000153,36.20000076,36.20000076,1058550,0,1,30.88342459,yahoo_bootstrap
2021-10-04,36.29999924,36.95000076,36.20000076,36.25,784699,0,1,30.9260806,yahoo_bootstrap
2021-10-05,36.20000076,36.20000076,35.20000076,35.84999847,825385,0,1,30.58482599,yahoo_bootstrap
2021-10-06,35.90000153,37.59999847,35.90000153,36.09999847,886000,0,1,30.79810931,yahoo_bootstrap
2021-10-07,36.09999847,37.25,36,37.15000153,566001,0,1,31.69390184,yahoo_bootstrap
2021-10-08,37.25,37.34999847,36.84999847,37.20000076,245051,0,1,31.73655785,yahoo_bootstrap
2021-10-12,37.20000076,37.20000076,36.59999847,36.70000076,341507,0,1,31.30999122,yahoo_bootstrap
2021-10-13,36.70000076,37,36.40000153,36.70000076,227100,0,1,31.30999122,yahoo_bootstrap
2021-10-14,36.70000076,37,36.5,37,171005,0,1,31.56593055,yahoo_bootstrap
2021-10-15,37.5,37.70000076,37.04999924,37.59999847,378600,0,1,32.07780919,yahoo_bootstrap
2021-10-18,37.70000076,38.15000153,37.70000076,38.09999847,319000,0,1,32.50437582,yahoo_bootstrap
2021-10-19,38.29999924,38.40000153,38,38.34999847,228808,0,1,32.71765914,yahoo_bootstrap
2021-10-20,38.59999847,38.59999847,37.84999847,37.95000076,277000,0,1,32.37640779,yahoo_bootstrap
2021-10-21,38.20000076,40.45000076,37.84999847,40.45000076,1260248,0,1,34.50924093,yahoo_bootstrap
2021-10-22,39.79999924,39.79999924,38.5,39.04999924,1004600,0,1,33.31485308,yahoo_bootstrap
2021-10-25,38.90000153,38.90000153,38.29999924,38.45000076,351299,0,1,32.80297442,yahoo_bootstrap
2021-10-26,38.59999847,38.59999847,37.90000153,37.95000076,561070,0,1,32.37640779,yahoo_bootstrap
2021-10-27,38,38.29999924,37.65000153,38,444106,0,1,32.4190638,yahoo_bootstrap
2021-10-28,38.29999924,38.40000153,37.84999847,38.04999924,434001,0,1,32.46171982,yahoo_bootstrap
2021-10-29,38.29999924,38.65000153,38.04999924,38.5,346451,0,1,32.84563043,yahoo_bootstrap
2021-11-01,38.70000076,39.20000076,38.59999847,39,462400,0,1,33.27219706,yahoo_bootstrap
2021-11-02,39.20000076,39.45000076,38.84999847,39,518127,0,1,33.27219706,yahoo_bootstrap
2021-11-03,39,39.75,39,39.59999847,652767,0,1,33.78407571,yahoo_bootstrap
2021-11-04,39.84999847,40.09999847,39.5,39.70000076,414110,0,1,33.86939099,yahoo_bootstrap
2021-11-05,40.5,40.70000076,40,40.20000076,1574317,0,1,34.29595762,yahoo_bootstrap
2021-11-08,40.20000076,40.29999924,38.90000153,38.90000153,1122125,0,1,33.18688504,yahoo_bootstrap
2021-11-09,39,39,38.29999924,38.5,797174,0,1,32.84563043,yahoo_bootstrap
2021-11-10,38.5,38.70000076,38.34999847,38.5,371008,0,1,32.84563043,yahoo_bootstrap
2021-11-11,38.5,39.09999847,38.5,38.95000076,296075,0,1,33.22954105,yahoo_bootstrap
2021-11-12,39,39.09999847,38.34999847,38.5,501130,0,1,32.84563043,yahoo_bootstrap
2021-11-15,38.5,38.70000076,38.20000076,38.65000153,569123,0,1,32.97360173,yahoo_bootstrap
2021-11-16,38.65000153,38.65000153,38.29999924,38.45000076,390178,0,1,32.80297442,yahoo_bootstrap
2021-11-17,38.5,38.90000153,38.5,38.70000076,470000,0,1,33.01625773,yahoo_bootstrap
2021-11-18,39,39,38.45000076,38.70000076,590981,0,1,33.01625773,yahoo_bootstrap
2021-11-19,39.20000076,42.54999924,39.20000076,42.54999924,9764007,0,1,36.30081948,yahoo_bootstrap
2021-11-22,43,46.15000153,42.70000076,44.5,11702952,0,1,37.96442998,yahoo_bootstrap
2021-11-23,43.04999924,44.29999924,42.84999847,44,3652202,0,1,37.53786335,yahoo_bootstrap
2021-11-24,45.20000076,48,45.09999847,45.54999924,17648926,0,1,38.86021925,yahoo_bootstrap
2021-11-25,47.20000076,47.29999924,45.29999924,46,6338716,0,1,39.24412987,yahoo_bootstrap
2021-11-26,44.5,45.84999847,42.84999847,43.20000076,5900509,0,1,36.85535739,yahoo_bootstrap
2021-11-29,42.20000076,42.40000153,40.70000076,41.70000076,2890771,0,1,35.57565751,yahoo_bootstrap
2021-11-30,42.29999924,42.45000076,41.65000153,41.70000076,5973661,0,1,35.57565751,yahoo_bootstrap
2021-12-01,41.09999847,43.45000076,41.09999847,43.45000076,2640160,0,1,37.06864071,yahoo_bootstrap
2021-12-02,42.79999924,43.15000153,41.75,41.79999924,2114801,0,1,35.66096954,yahoo_bootstrap
2021-12-03,42.5,42.5,41.79999924,41.79999924,794111,0,1,35.66096954,yahoo_bootstrap
2021-12-06,41.79999924,41.79999924,41.29999924,41.45000076,826101,0,1,35.36237419,yahoo_bootstrap
2021-12-07,41.45000076,41.5,40.34999847,40.79999924,2001003,0,1,34.80783628,yahoo_bootstrap
2021-12-08,41.65000153,41.65000153,40.59999847,41.04999924,1564002,0,1,35.02111959,yahoo_bootstrap
2021-12-09,41.29999924,42.09999847,41.09999847,41.75,1595700,0,1,35.61831352,yahoo_bootstrap
2021-12-10,41.84999847,41.84999847,40.75,40.95000076,1251108,0,1,34.93580756,yahoo_bootstrap
2021-12-13,41.04999924,41.04999924,40.40000153,40.45000076,1135572,0,1,34.50924093,yahoo_bootstrap
2021-12-14,40.45000076,40.45000076,39.79999924,39.95000076,1060684,0,1,34.0826743,yahoo_bootstrap
2021-12-15,39.95000076,40.70000076,39.75,40.45000076,569002,0,1,34.50924093,yahoo_bootstrap
2021-12-16,40.70000076,40.79999924,40.5,40.65000153,559101,0,1,34.67986824,yahoo_bootstrap
2021-12-17,40.65000153,40.70000076,39.70000076,39.70000076,1471137,0,1,33.86939099,yahoo_bootstrap
2021-12-20,39.70000076,40.20000076,39.09999847,40.04999924,887001,0,1,34.16798633,yahoo_bootstrap
2021-12-21,40.04999924,40.20000076,39.40000153,40.04999924,715583,0,1,34.16798633,yahoo_bootstrap
2021-12-22,41.5,44.04999924,41.40000153,42.25,9525050,0,1,36.04488015,yahoo_bootstrap
2021-12-23,42.70000076,43.34999847,42.25,42.5,3412341,0,1,36.25816346,yahoo_bootstrap
2021-12-24,42.70000076,43.09999847,41.79999924,42,1493417,0,1,35.83159684,yahoo_bootstrap
2021-12-27,42,42.75,41.75,42.5,1294248,0,1,36.25816346,yahoo_bootstrap
2021-12-28,42.90000153,46.59999847,42.59999847,46.15000153,8009523,0,1,39.37210116,yahoo_bootstrap
2021-12-29,46,46,44.45000076,45.04999924,7626200,0,1,38.43365262,yahoo_bootstrap
2021-12-30,45.34999847,45.34999847,44.04999924,44.40000153,2169049,0,1,37.87911796,yahoo_bootstrap
2022-01-03,44.84999847,44.90000153,43.15000153,43.15000153,2523068,0,1,36.81270139,yahoo_bootstrap
2022-01-04,43.25,43.70000076,42.79999924,43.45000076,1243159,0,1,37.06864071,yahoo_bootstrap
2022-01-05,43.45000076,43.54999924,42.75,42.90000153,980468,0,1,36.59941807,yahoo_bootstrap
2022-01-06,42.29999924,43.34999847,42.15000153,43.09999847,931737,0,1,36.77004211,yahoo_bootstrap
2022-01-07,43.09999847,43.40000153,42,42.65000153,1087237,0,1,36.38613476,yahoo_bootstrap
2022-01-10,42.15000153,43.5,42.15000153,43.5,599200,0,1,37.11129672,yahoo_bootstrap
2022-01-11,43.70000076,43.70000076,42.09999847,42.40000153,1208500,0,1,36.17285144,yahoo_bootstrap
2022-01-12,42.40000153,42.90000153,41.79999924,42.54999924,1158101,0,1,36.30081948,yahoo_bootstrap
2022-01-13,43.90000153,43.90000153,42.79999924,42.84999847,1197116,0,1,36.5567588,yahoo_bootstrap
2022-01-14,42.84999847,42.90000153,42,42.90000153,1133114,0,1,36.59941807,yahoo_bootstrap
2022-01-17,43,45.84999847,43,44.34999847,7769655,0,1,37.83645869,yahoo_bootstrap
2022-01-18,45,46,43.90000153,45.75,6615673,0,1,39.03084655,yahoo_bootstrap
2022-01-19,45.90000153,47.40000153,45.59999847,47.20000076,18048976,0,1,40.26789043,yahoo_bootstrap
2022-01-20,48,48.95000076,45.59999847,48.09999847,20290324,0,1,41.0357084,yahoo_bootstrap
2022-01-21,47.20000076,48.59999847,44.65000153,44.65000153,16771905,0,1,38.09240127,yahoo_bootstrap
2022-01-24,44.84999847,45.54999924,43.90000153,44.45000076,6639283,0,1,37.92177397,yahoo_bootstrap
2022-01-25,44.29999924,44.29999924,41.65000153,41.79999924,6770245,0,1,35.66096954,yahoo_bootstrap
2022-01-26,41.79999924,42.70000076,41.25,42.29999924,2447868,0,1,36.08753616,yahoo_bootstrap
2022-02-07,42.29999924,45.25,42.29999924,45.25,4618963,0,1,38.60427992,yahoo_bootstrap
2022-02-08,45.25,47.5,44.70000076,47.04999924,6591555,0,1,40.13991914,yahoo_bootstrap
2022-02-09,47.09999847,47.70000076,46.59999847,47.59999847,5259611,0,1,40.60914177,yahoo_bootstrap
2022-02-10,47.70000076,47.79999924,46,47.09999847,3420071,0,1,40.18257515,yahoo_bootstrap
2022-02-11,46.95000076,47.20000076,46.20000076,46.20000076,2522957,0,1,39.41475717,yahoo_bootstrap
2022-02-14,45.59999847,46.95000076,45,46.54999924,2473100,0,1,39.71335251,yahoo_bootstrap
2022-02-15,46.75,47.20000076,45.65000153,45.75,2033395,0,1,39.03084655,yahoo_bootstrap
2022-02-16,46.5,47.04999924,46.15000153,46.84999847,1921277,0,1,39.96929183,yahoo_bootstrap
2022-02-17,47.04999924,48.29999924,45.70000076,45.70000076,6748468,0,1,38.98819054,yahoo_bootstrap
2022-02-18,45.40000153,48.5,45.25,48.45000076,11218267,0,1,41.334307,yahoo_bootstrap
2022-02-21,48.40000153,48.40000153,45.79999924,45.79999924,8744014,0,1,39.07350257,yahoo_bootstrap
2022-02-22,45.40000153,45.79999924,44.54999924,45.20000076,3026754,0,1,38.56162391,yahoo_bootstrap
2022-02-23,45.20000076,46.79999924,45.20000076,46.75,3029265,0,1,39.88397981,yahoo_bootstrap
2022-02-24,45.75,47.20000076,45.20000076,45.34999847,3677545,0,1,38.68959194,yahoo_bootstrap
2022-02-25,46.34999847,46.34999847,45.15000153,45.15000153,1445877,0,1,38.5189679,yahoo_bootstrap
2022-03-01,45.5,46.09999847,45.25,45.90000153,857050,0,1,39.15881785,yahoo_bootstrap
2022-03-02,45.20000076,45.70000076,44.59999847,45.04999924,1585075,0,1,38.43365262,yahoo_bootstrap
2022-03-03,45.45000076,45.59999847,44.65000153,44.95000076,1563000,0,1,38.34834059,yahoo_bootstrap
2022-03-04,44.54999924,44.54999924,43.84999847,43.90000153,2055100,0,1,37.45255133,yahoo_bootstrap
2022-03-07,43.70000076,43.70000076,42,43.04999924,2381259,0,1,36.72738611,yahoo_bootstrap
2022-03-08,42.29999924,43.5,42.04999924,42.25,1465007,0,1,36.04488015,yahoo_bootstrap
2022-03-09,42.45000076,43.15000153,42.20000076,42.65000153,1070004,0,1,36.38613476,yahoo_bootstrap
2022-03-10,43.5,43.90000153,43.29999924,43.70000076,1035560,0,1,37.28192402,yahoo_bootstrap
2022-03-11,43.70000076,43.90000153,43,43.09999847,806400,0,1,36.77004211,yahoo_bootstrap
2022-03-14,43.40000153,43.5,42.34999847,42.5,799181,0,1,36.25816346,yahoo_bootstrap
2022-03-15,42.40000153,42.59999847,41.15000153,41.20000076,1556140,0,1,35.14909088,yahoo_bootstrap
2022-03-16,41.59999847,42,40.59999847,41.20000076,1071453,0,1,35.14909088,yahoo_bootstrap
2022-03-17,41.79999924,42.79999924,41.70000076,42.75,1195200,0,1,36.47144678,yahoo_bootstrap
2022-03-18,43.54999924,43.54999924,42.59999847,43,1146094,0,1,36.68473009,yahoo_bootstrap
2022-03-21,43.25,43.70000076,42.90000153,43.25,1548426,0,1,36.89801341,yahoo_bootstrap
2022-03-22,43.25,43.25,42.29999924,42.45000076,945087,0,1,36.21550745,yahoo_bootstrap
2022-03-23,42.79999924,43.20000076,42.65000153,42.95000076,533110,0,1,36.64207408,yahoo_bootstrap
2022-03-24,42.65000153,43.15000153,42.59999847,42.95000076,486516,0,1,36.64207408,yahoo_bootstrap
2022-03-25,43.29999924,43.29999924,42.59999847,42.75,443700,0,1,36.47144678,yahoo_bootstrap
2022-03-28,42.95000076,43.09999847,42.29999924,43,567478,0,1,36.68473009,yahoo_bootstrap
2022-03-29,43.15000153,43.15000153,42.20000076,42.20000076,636003,0,1,36.00222414,yahoo_bootstrap
2022-03-30,42.79999924,43.15000153,42.25,43.09999847,902000,0,1,36.77004211,yahoo_bootstrap
2022-03-31,43.09999847,43.09999847,42.54999924,43.04999924,668355,0,1,36.72738611,yahoo_bootstrap
2022-04-01,43,43,42.29999924,42.59999847,714437,0,1,36.34347548,yahoo_bootstrap
2022-04-06,42.54999924,42.95000076,42.20000076,42.65000153,245000,0,1,36.38613476,yahoo_bootstrap
2022-04-07,43,43.25,42.09999847,42.09999847,715159,0,1,35.91690886,yahoo_bootstrap
2022-04-08,42.25,42.34999847,40.90000153,40.90000153,1274383,0,1,34.89315156,yahoo_bootstrap
2022-04-11,40.59999847,41.04999924,39.15000153,39.45000076,1286601,0,1,33.65610768,yahoo_bootstrap
2022-04-12,39.45000076,39.70000076,38.84999847,39.20000076,899046,0,1,33.44282436,yahoo_bootstrap
2022-04-13,39.20000076,39.54999924,38.70000076,39.20000076,700000,0,1,33.44282436,yahoo_bootstrap
2022-04-14,39.59999847,39.59999847,38.79999924,38.84999847,509000,0,1,33.14422577,yahoo_bootstrap
2022-04-15,38.84999847,39.25,38.59999847,38.59999847,506013,0,1,32.93094245,yahoo_bootstrap
2022-04-18,38.25,39.5,37.84999847,39.45000076,901180,0,1,33.65610768,yahoo_bootstrap
2022-04-19,39.65000153,40,39,39.09999847,827151,0,1,33.35750908,yahoo_bootstrap
2022-04-20,39.09999847,39.65000153,39.09999847,39.54999924,218064,0,1,33.7414197,yahoo_bootstrap
2022-04-21,39.54999924,39.75,39.34999847,39.54999924,396207,0,1,33.7414197,yahoo_bootstrap
2022-04-22,38.95000076,39.5,38.95000076,39.20000076,158722,0,1,33.44282436,yahoo_bootstrap
2022-04-25,38.59999847,38.75,37.90000153,37.90000153,649373,0,1,32.33375178,yahoo_bootstrap
2022-04-26,38,38.79999924,38,38.34999847,339550,0,1,32.71765914,yahoo_bootstrap
2022-04-27,37.79999924,37.79999924,36.59999847,37,716048,0,1,31.56593055,yahoo_bootstrap
2022-04-28,37.20000076,37.75,37.04999924,37.34999847,172361,0,1,31.86452588,yahoo_bootstrap
2022-04-29,37.59999847,38.54999924,37.59999847,38.5,470200,0,1,32.84563043,yahoo_bootstrap
2022-05-03,38.79999924,39.25,37.90000153,38.04999924,693529,0,1,32.46171982,yahoo_bootstrap
2022-05-04,38.20000076,38.29999924,37.54999924,37.54999924,297013,0,1,32.03515319,yahoo_bootstrap
2022-05-05,38.04999924,38.15000153,37.59999847,37.59999847,308000,0,1,32.07780919,yahoo_bootstrap
2022-05-06,36.70000076,36.95000076,35.5,36.70000076,1514106,0,1,31.30999122,yahoo_bootstrap
2022-05-09,36.04999924,36.45000076,35.40000153,35.40000153,1272437,0,1,30.20091864,yahoo_bootstrap
2022-05-10,35,36.04999924,34.29999924,36,779446,0,1,30.71279729,yahoo_bootstrap
2022-05-11,36.34999847,37,35.90000153,36.75,929200,0,1,31.35264723,yahoo_bootstrap
2022-05-12,36.95000076,37.40000153,35.79999924,35.79999924,816154,0,1,30.54216999,yahoo_bootstrap
2022-05-13,35.79999924,35.95000076,35.15000153,35.45000076,738252,0,1,30.24357464,yahoo_bootstrap
2022-05-16,35.5,36.70000076,35.5,36.34999847,663001,0,1,31.01139262,yahoo_bootstrap
2022-05-17,36.45000076,36.95000076,36.45000076,36.84999847,392001,0,1,31.43795925,yahoo_bootstrap
2022-05-18,36.70000076,37.29999924,36.70000076,36.90000153,479432,0,1,31.48061852,yahoo_bootstrap
2022-05-19,36.5,36.79999924,36.20000076,36.59999847,189000,0,1,31.22467594,yahoo_bootstrap
2022-05-20,37,37.40000153,36.70000076,37.09999847,321000,0,1,31.65124257,yahoo_bootstrap
2022-05-23,37.25,38.40000153,37.09999847,38.25,881251,0,1,32.63234712,yahoo_bootstrap
2022-05-24,38.34999847,38.75,37,37,1147484,0,1,31.56593055,yahoo_bootstrap
2022-05-25,36.84999847,37.84999847,36.84999847,37.59999847,424134,0,1,32.07780919,yahoo_bootstrap
2022-05-26,37.65000153,37.95000076,37.25,37.45000076,385240,0,1,31.94984116,yahoo_bootstrap
2022-05-27,37.5,37.95000076,37.40000153,37.40000153,286001,0,1,31.90718515,yahoo_bootstrap
2022-05-30,37.45000076,38.5,37.45000076,37.95000076,299237,0,1,32.37640779,yahoo_bootstrap
2022-05-31,38.09999847,38.70000076,37.5,38.40000153,505001,0,1,32.76031841,yahoo_bootstrap
2022-06-01,38.5,38.70000076,38.09999847,38.25,357085,0,1,32.63234712,yahoo_bootstrap
2022-06-02,37.95000076,38.45000076,37.95000076,38.09999847,185000,0,1,32.50437582,yahoo_bootstrap
2022-06-06,38,38.45000076,37.54999924,38.34999847,298000,0,1,32.71765914,yahoo_bootstrap
2022-06-07,38.5,38.5,38,38,205172,0,1,32.4190638,yahoo_bootstrap
2022-06-08,37.59999847,38.20000076,37.59999847,37.84999847,376246,0,1,32.29109251,yahoo_bootstrap
2022-06-09,38.45000076,38.45000076,37.84999847,38.09999847,414267,0,1,32.50437582,yahoo_bootstrap
2022-06-10,38.09999847,39,37.84999847,38.84999847,693605,0,1,33.14422577,yahoo_bootstrap
2022-06-13,38.40000153,38.40000153,38,38.04999924,365001,0,1,32.46171982,yahoo_bootstrap
2022-06-14,37.65000153,38.70000076,37.65000153,38.59999847,308078,0,1,32.93094245,yahoo_bootstrap
2022-06-15,38.54999924,39.04999924,38.15000153,38.15000153,397804,0,1,32.5470351,yahoo_bootstrap
2022-06-16,38.70000076,38.70000076,37.40000153,37.40000153,348000,0,1,31.90718515,yahoo_bootstrap
2022-06-17,36.79999924,37,36.34999847,36.34999847,731035,0,1,31.01139262,yahoo_bootstrap
2022-06-20,37.5,37.5,35.29999924,35.29999924,512572,0,1,30.11560336,yahoo_bootstrap
2022-06-21,35.34999847,36.75,35.15000153,36.75,543471,0,1,31.35264723,yahoo_bootstrap
2022-06-22,36.5,36.5,35.5,35.65000153,722000,0,1,30.41420195,yahoo_bootstrap
2022-06-23,35.84999847,36.34999847,35.45000076,35.95000076,475250,0,1,30.67014127,yahoo_bootstrap
2022-06-24,35.84999847,36.75,35.84999847,36,474046,0,1,30.71279729,yahoo_bootstrap
2022-06-27,36,36.65000153,36,36.29999924,653180,0,1,30.96873662,yahoo_bootstrap
2022-06-28,35.25,35.5,34.90000153,34.95000076,781001,1.193567,1,30.83074238,yahoo_bootstrap
2022-06-29,34.79999924,34.84999847,34.34999847,34.45000076,581010,0,1,30.38967311,yahoo_bootstrap
2022-06-30,34.59999847,34.59999847,33.29999924,33.29999924,1807197,0,1,29.37521246,yahoo_bootstrap
2022-07-01,33.29999924,33.59999847,31.79999924,31.95000076,1398040,0,1,28.18432678,yahoo_bootstrap
2022-07-04,32,33.40000153,31.79999924,33.29999924,1788320,0,1,29.37521246,yahoo_bootstrap
2022-07-05,33.29999924,33.54999924,32.45000076,32.84999847,1126206,0,1,28.97824944,yahoo_bootstrap
2022-07-06,32.84999847,32.84999847,30.5,30.54999924,1833236,0,1,26.9493315,yahoo_bootstrap
2022-07-07,30.70000076,31.75,30.45000076,31.5,1512021,0,1,27.78736377,yahoo_bootstrap
2022-07-08,32.79999924,33.79999924,32.40000153,33.29999924,2066035,0,1,29.37521246,yahoo_bootstrap
2022-07-11,33.29999924,33.79999924,33.09999847,33.5,1268154,0,1,29.55164084,yahoo_bootstrap
2022-07-12,33.70000076,33.70000076,31.29999924,31.29999924,2154286,0,1,27.6109354,yahoo_bootstrap
2022-07-13,31.89999962,33.04999924,31.75,32.95000076,1082100,0,1,29.06646532,yahoo_bootstrap
2022-07-14,33,33.70000076,32.70000076,33.54999924,796270,0,1,29.59574709,yahoo_bootstrap
2022-07-15,33.59999847,33.70000076,33.34999847,33.59999847,869004,0,1,29.63985334,yahoo_bootstrap
2022-07-18,33.59999847,34.40000153,33.59999847,34.20000076,730002,0,1,30.16913848,yahoo_bootstrap
2022-07-19,34.29999924,36.20000076,34.29999924,35.75,2176002,0,1,31.53645254,yahoo_bootstrap
2022-07-20,37.5,38.25,36.34999847,37.40000153,4172218,0,1,32.99198246,yahoo_bootstrap
2022-07-21,37.5,37.70000076,36.84999847,37.70000076,1723117,0,1,33.25662334,yahoo_bootstrap
2022-07-22,37.15000153,38.79999924,37.15000153,38.65000153,2596039,0,1,34.09465563,yahoo_bootstrap
2022-07-25,38.84999847,39.15000153,38.20000076,38.45000076,1484550,0,1,33.91822724,yahoo_bootstrap
2022-07-26,38.5,38.95000076,38.04999924,38.09999847,1052399,0,1,33.60947674,yahoo_bootstrap
2022-07-27,38.09999847,38.84999847,37.95000076,38.5,999120,0,1,33.9623335,yahoo_bootstrap
2022-07-28,38.75,39,38.20000076,38.25,605000,0,1,33.74179887,yahoo_bootstrap
2022-07-29,39.09999847,40.29999924,38.59999847,38.75,3895300,0,1,34.18286813,yahoo_bootstrap
2022-08-01,38.75,41.75,38.75,40.75,6067637,0,1,35.9471452,yahoo_bootstrap
2022-08-02,41,41.90000153,40.04999924,41.84999847,5601852,0,1,36.91749623,yahoo_bootstrap
2022-08-03,42.34999847,42.34999847,40.65000153,41.75,4091060,0,1,36.82928373,yahoo_bootstrap
2022-08-04,41.65000153,41.75,40.65000153,41.70000076,2314000,0,1,36.78517747,yahoo_bootstrap
2022-08-05,42.29999924,42.59999847,41.25,41.25,2289551,0,1,36.38821446,yahoo_bootstrap
2022-08-08,40.5,42.40000153,40.29999924,42.40000153,4443450,0,1,37.40267513,yahoo_bootstrap
2022-08-09,42,43.59999847,41.79999924,43.59999847,3648128,0,1,38.46123867,yahoo_bootstrap
2022-08-10,43.09999847,43.90000153,43,43.54999924,1695057,0,1,38.41713242,yahoo_bootstrap
2022-08-11,44.09999847,44.09999847,42.75,43.25,1534303,0,1,38.15249153,yahoo_bootstrap
2022-08-12,43.45000076,43.65000153,42.45000076,42.70000076,1211200,0,1,37.66731601,yahoo_bootstrap
2022-08-15,43.5,43.79999924,43,43.09999847,1428734,0,1,38.0201694,yahoo_bootstrap
2022-08-16,43.59999847,43.79999924,43,43.5,1303264,0,1,38.37302616,yahoo_bootstrap
2022-08-17,43.5,44.04999924,43.5,43.90000153,1092444,0,1,38.72588292,yahoo_bootstrap
2022-08-18,43.84999847,43.84999847,43.15000153,43.70000076,944102,0,1,38.54945454,yahoo_bootstrap
2022-08-19,43.75,43.95000076,43.5,43.75,835116,0,1,38.5935608,yahoo_bootstrap
2022-08-22,43.65000153,43.65000153,42.65000153,42.70000076,705000,0,1,37.66731601,yahoo_bootstrap
2022-08-23,41.70000076,43,41.70000076,42.79999924,928280,0,1,37.75552852,yahoo_bootstrap
2022-08-24,42.79999924,42.90000153,42.40000153,42.70000076,476026,0,1,37.66731601,yahoo_bootstrap
2022-08-25,42.75,43.04999924,42.34999847,42.40000153,544606,0,1,37.40267513,yahoo_bootstrap
2022-08-26,42.40000153,42.40000153,41.5,42.09999847,1173001,0,1,37.13803087,yahoo_bootstrap
2022-08-29,41.79999924,42.40000153,41.25,42.09999847,784450,0,1,37.13803087,yahoo_bootstrap
2022-08-30,42.04999924,42.54999924,41.90000153,42.25,370876,0,1,37.270353,yahoo_bootstrap
2022-08-31,42.04999924,42.40000153,41.75,42.04999924,378116,0,1,37.09392462,yahoo_bootstrap
2022-09-01,42.15000153,42.15000153,40.90000153,41.15000153,814143,0,1,36.30000196,yahoo_bootstrap
2022-09-02,41.15000153,41.34999847,40.75,40.75,338742,0,1,35.9471452,yahoo_bootstrap
2022-09-05,40.79999924,40.84999847,40.20000076,40.20000076,538100,0,1,35.46196968,yahoo_bootstrap
2022-09-06,40.20000076,40.59999847,39.15000153,39.40000153,524383,0,1,34.75625953,yahoo_bootstrap
2022-09-07,39.04999924,39.65000153,39.04999924,39.29999924,250174,0,1,34.66804366,yahoo_bootstrap
2022-09-08,39.79999924,39.84999847,39.15000153,39.65000153,305000,0,1,34.97679416,yahoo_bootstrap
2022-09-12,39.25,40.45000076,39.25,40.09999847,556063,0,1,35.3737538,yahoo_bootstrap
2022-09-13,40.09999847,42.20000076,40.09999847,41.65000153,1156007,0,1,36.74107123,yahoo_bootstrap
2022-09-14,40.79999924,42,40.25,41.90000153,841078,0,1,36.96160586,yahoo_bootstrap
2022-09-15,42.34999847,42.79999924,41.79999924,41.84999847,665048,0,1,36.91749623,yahoo_bootstrap
2022-09-16,41.70000076,41.70000076,40.54999924,40.59999847,459001,0,1,35.81482307,yahoo_bootstrap
2022-09-19,40.5,40.54999924,39.90000153,40.15000153,335119,0,1,35.41786343,yahoo_bootstrap
2022-09-20,40.15000153,40.59999847,40.15000153,40.59999847,130090,0,1,35.81482307,yahoo_bootstrap
2022-09-21,40.59999847,40.59999847,39.54999924,39.54999924,394118,0,1,34.88857829,yahoo_bootstrap
2022-09-22,39.34999847,40.15000153,39,40.09999847,268037,0,1,35.3737538,yahoo_bootstrap
2022-09-23,39.90000153,40.20000076,39,39.04999924,379027,0,1,34.44750902,yahoo_bootstrap
2022-09-26,38.84999847,38.84999847,36.84999847,37.15000153,668012,0,1,32.77144783,yahoo_bootstrap
2022-09-27,37.40000153,37.79999924,37.15000153,37.79999924,185000,0,1,33.34483586,yahoo_bootstrap
2022-09-28,38,38,36,36.09999847,550307,0,1,31.84519967,yahoo_bootstrap
2022-09-29,35.90000153,36.84999847,35.90000153,36.29999924,435000,0,1,32.02162806,yahoo_bootstrap
2022-09-30,35.95000076,36.29999924,35.04999924,36.04999924,317100,0,1,31.80109342,yahoo_bootstrap
2022-10-03,36.15000153,36.40000153,35.45000076,36.29999924,210000,0,1,32.02162806,yahoo_bootstrap
2022-10-04,36.70000076,37.04999924,36.40000153,36.59999847,290002,0,1,32.28626894,yahoo_bootstrap
2022-10-05,36.79999924,38,36.79999924,37.04999924,624160,0,1,32.68323196,yahoo_bootstrap
2022-10-06,37.34999847,38.90000153,37.34999847,38.90000153,1701021,0,1,34.31519026,yahoo_bootstrap
2022-10-07,38.5,38.90000153,38.20000076,38.90000153,857120,0,1,34.31519026,yahoo_bootstrap
2022-10-11,37.54999924,39.65000153,37.29999924,39.45000076,1741201,0,1,34.80036578,yahoo_bootstrap
2022-10-12,39.79999924,41.45000076,38.75,40.90000153,3630164,0,1,36.07946733,yahoo_bootstrap
2022-10-13,41.04999924,42,40.75,40.84999847,3687151,0,1,36.0353577,yahoo_bootstrap
2022-10-14,41.65000153,42,41.20000076,41.75,2415723,0,1,36.82928373,yahoo_bootstrap
2022-10-17,41.84999847,42.09999847,39.70000076,40.70000076,1539220,0,1,35.90303894,yahoo_bootstrap
2022-10-18,40.79999924,40.84999847,39.84999847,40.40000153,1421166,0,1,35.63839806,yahoo_bootstrap
2022-10-19,40.90000153,42,40.29999924,40.5,1608101,0,1,35.72661056,yahoo_bootstrap
2022-10-20,39.75,40.40000153,38.5,38.84999847,2860078,0,1,34.27108064,yahoo_bootstrap
2022-10-21,39.90000153,40.20000076,38.84999847,39.95000076,1107140,0,1,35.24143504,yahoo_bootstrap
2022-10-24,40.79999924,42,40.79999924,41.70000076,1917450,0,1,36.78517747,yahoo_bootstrap
2022-10-25,42.04999924,42.04999924,40.09999847,40.09999847,1548239,0,1,35.3737538,yahoo_bootstrap
2022-10-26,40.29999924,40.75,39.09999847,39.25,1450246,0,1,34.6239374,yahoo_bootstrap
2022-10-27,39.65000153,42.15000153,39.65000153,42.15000153,3510855,0,1,37.18214049,yahoo_bootstrap
2022-10-28,42.20000076,42.20000076,40.09999847,40.59999847,2012115,0,1,35.81482307,yahoo_bootstrap
2022-10-31,41.59999847,41.59999847,40.04999924,40.20000076,1100101,0,1,35.46196968,yahoo_bootstrap
2022-11-01,39.95000076,40.90000153,39.79999924,40.75,924796,0,1,35.9471452,yahoo_bootstrap
2022-11-02,40.79999924,41.5,40.34999847,41.40000153,1117200,0,1,36.52053659,yahoo_bootstrap
2022-11-03,41.34999847,42,40.79999924,42,1374290,0,1,37.04981836,yahoo_bootstrap
2022-11-04,42.5,43.79999924,41.15000153,43.54999924,6390250,0,1,38.41713242,yahoo_bootstrap
2022-11-07,44.29999924,46.29999924,43.79999924,46.09999847,8613878,0,1,40.666585,yahoo_bootstrap
2022-11-08,46.34999847,46.34999847,44.59999847,45,4562166,0,1,39.69623396,yahoo_bootstrap
2022-11-09,45.20000076,45.5,44.70000076,45.04999924,2303501,0,1,39.74034022,yahoo_bootstrap
2022-11-10,45.09999847,45.75,44.75,45.65000153,2920634,0,1,40.26962536,yahoo_bootstrap
2022-11-11,47,47.04999924,44.25,44.25,3969802,0,1,39.03463006,yahoo_bootstrap
2022-11-14,44.59999847,44.59999847,43.95000076,44.34999847,1326303,0,1,39.12284257,yahoo_bootstrap
2022-11-15,44.54999924,45.09999847,43.59999847,44.59999847,1919395,0,1,39.3433772,yahoo_bootstrap
2022-11-16,44.59999847,45.84999847,44.29999924,45.54999924,3739293,0,1,40.18140948,yahoo_bootstrap
2022-11-17,45.65000153,46.09999847,45.20000076,45.75,2713166,0,1,40.35783786,yahoo_bootstrap
2022-11-18,45.75,46.20000076,45.29999924,45.40000153,1709501,0,1,40.04909072,yahoo_bootstrap
2022-11-21,45.5,45.65000153,44.65000153,44.65000153,1013241,0,1,39.38748682,yahoo_bootstrap
2022-11-22,44.40000153,45.59999847,44.29999924,45.20000076,1247669,0,1,39.87266234,yahoo_bootstrap
2022-11-23,45.45000076,46.15000153,45.04999924,46.04999924,1975508,0,1,40.62247875,yahoo_bootstrap
2022-11-24,46.5,46.65000153,45.20000076,45.40000153,2031001,0,1,40.04909072,yahoo_bootstrap
2022-11-25,45.40000153,45.90000153,44.90000153,44.90000153,877001,0,1,39.60802146,yahoo_bootstrap
2022-11-28,44.59999847,46,44.29999924,45.95000076,1165200,0,1,40.53426624,yahoo_bootstrap
2022-11-29,45.95000076,46.75,45.59999847,45.95000076,1761002,0,1,40.53426624,yahoo_bootstrap
2022-11-30,45.90000153,47.75,45.84999847,47,4445515,0,1,41.46051103,yahoo_bootstrap
2022-12-01,47.25,47.5,46.15000153,47.20000076,3447414,0,1,41.6369394,yahoo_bootstrap
2022-12-02,47.5,48.25,46.84999847,47.95000076,4151461,0,1,42.2985433,yahoo_bootstrap
2022-12-05,48.20000076,48.54999924,47.25,48.09999847,3314536,0,1,42.43086206,yahoo_bootstrap
2022-12-06,48.90000153,49.70000076,47.90000153,48.15000153,7670400,0,1,42.47497169,yahoo_bootstrap
2022-12-07,47.20000076,47.20000076,43.79999924,43.84999847,9047159,0,1,38.6817733,yahoo_bootstrap
2022-12-08,44.29999924,46,44.29999924,45.79999924,5408497,0,1,40.40194412,yahoo_bootstrap
2022-12-09,46.70000076,47.15000153,45,45.20000076,4752460,0,1,39.87266234,yahoo_bootstrap
2022-12-12,44.09999847,44.65000153,44,44.40000153,1355219,0,1,39.16695219,yahoo_bootstrap
2022-12-13,44.5,45.34999847,44.09999847,44.84999847,1411767,0,1,39.56391183,yahoo_bootstrap
2022-12-14,45.79999924,46.09999847,45.29999924,46,1679647,0,1,40.57837249,yahoo_bootstrap
2022-12-15,45.5,46.90000153,45.5,46.90000153,1858762,0,1,41.37229852,yahoo_bootstrap
2022-12-16,46.25,47.40000153,46,46.70000076,2021500,0,1,41.19587014,yahoo_bootstrap
2022-12-19,46.65000153,46.70000076,45.75,45.84999847,904235,0,1,40.44605036,yahoo_bootstrap
2022-12-20,46.29999924,46.84999847,44.84999847,44.84999847,1464472,0,1,39.56391183,yahoo_bootstrap
2022-12-21,45.09999847,46.09999847,45.09999847,45.79999924,853860,0,1,40.40194412,yahoo_bootstrap
2022-12-22,46.40000153,46.79999924,46.09999847,46.15000153,1019691,0,1,40.71069462,yahoo_bootstrap
2022-12-23,45.75,45.75,44.40000153,44.84999847,1227500,0,1,39.56391183,yahoo_bootstrap
2022-12-26,45,45.25,44.29999924,44.54999924,469001,0,1,39.29927095,yahoo_bootstrap
2022-12-27,44.54999924,44.95000076,44.5,44.90000153,424001,0,1,39.60802146,yahoo_bootstrap
2022-12-28,44.34999847,44.54999924,43.04999924,43.40000153,1309452,0,1,38.28481366,yahoo_bootstrap
2022-12-29,42.84999847,43.40000153,42.29999924,42.95000076,511814,0,1,37.88785064,yahoo_bootstrap
2022-12-30,43.70000076,43.70000076,42.65000153,42.70000076,405190,0,1,37.66731601,yahoo_bootstrap
2023-01-03,42.5,43.20000076,41.75,42.95000076,705000,0,1,37.88785064,yahoo_bootstrap
2023-01-04,42.79999924,43.04999924,42.54999924,42.59999847,453002,0,1,37.57910013,yahoo_bootstrap
2023-01-05,42.75,43.25,42.59999847,42.79999924,702300,0,1,37.75552852,yahoo_bootstrap
2023-01-06,42.65000153,43.29999924,42.29999924,42.75,1006181,0,1,37.71142226,yahoo_bootstrap
2023-01-09,43.40000153,44.09999847,42.75,43.84999847,1557136,0,1,38.6817733,yahoo_bootstrap
2023-01-10,43.5,43.5,41.90000153,42.09999847,3159133,0,1,37.13803087,yahoo_bootstrap
2023-01-11,42.20000076,42.54999924,42,42.29999924,690000,0,1,37.31445925,yahoo_bootstrap
2023-01-12,42.29999924,42.54999924,41.34999847,41.34999847,971120,0,1,36.47642697,yahoo_bootstrap
2023-01-13,41.65000153,41.70000076,41.04999924,41.04999924,835001,0,1,36.21178609,yahoo_bootstrap
2023-01-16,41.15000153,41.40000153,41.09999847,41.40000153,390002,0,1,36.52053659,yahoo_bootstrap
2023-01-17,41.29999924,41.79999924,41.20000076,41.34999847,564000,0,1,36.47642697,yahoo_bootstrap
2023-01-30,41.70000076,42.5,41.70000076,42.40000153,922502,0,1,37.40267513,yahoo_bootstrap
2023-01-31,42.40000153,42.65000153,42.09999847,42.54999924,871031,0,1,37.53499389,yahoo_bootstrap
2023-02-01,43.59999847,43.59999847,42.34999847,42.59999847,1549001,0,1,37.57910013,yahoo_bootstrap
2023-02-02,42.79999924,43.70000076,42.79999924,43.54999924,1507389,0,1,38.41713242,yahoo_bootstrap
2023-02-03,44,44,42.79999924,43.29999924,1286563,0,1,38.19659779,yahoo_bootstrap
2023-02-06,43.25,43.54999924,42.90000153,43.40000153,455105,0,1,38.28481366,yahoo_bootstrap
2023-02-07,43.40000153,43.70000076,43.15000153,43.29999924,638040,0,1,38.19659779,yahoo_bootstrap
2023-02-08,43,43.40000153,43,43.25,685209,0,1,38.15249153,yahoo_bootstrap
2023-02-09,43.09999847,43.45000076,42.95000076,42.95000076,570002,0,1,37.88785064,yahoo_bootstrap
2023-02-10,43.09999847,43.20000076,42.09999847,42.09999847,835002,0,1,37.13803087,yahoo_bootstrap
2023-02-13,42,42.45000076,41.79999924,42.29999924,453071,0,1,37.31445925,yahoo_bootstrap
2023-02-14,42.65000153,42.84999847,42.15000153,42.20000076,680000,0,1,37.22624674,yahoo_bootstrap
2023-02-15,42.20000076,42.70000076,42.20000076,42.40000153,344008,0,1,37.40267513,yahoo_bootstrap
2023-02-16,42.34999847,42.65000153,42.20000076,42.59999847,400102,0,1,37.57910013,yahoo_bootstrap
2023-02-17,42.25,42.70000076,42.25,42.59999847,462003,0,1,37.57910013,yahoo_bootstrap
2023-02-20,42.59999847,43.04999924,42.5,43,655283,0,1,37.9319569,yahoo_bootstrap
2023-02-21,43.04999924,43.29999924,42.79999924,42.79999924,579006,0,1,37.75552852,yahoo_bootstrap
2023-02-22,42.79999924,42.79999924,42.20000076,42.20000076,930229,0,1,37.22624674,yahoo_bootstrap
2023-02-23,42.20000076,42.90000153,42.20000076,42.84999847,524004,0,1,37.79963477,yahoo_bootstrap
2023-02-24,42.84999847,43.54999924,42.84999847,43.40000153,1164506,0,1,38.28481366,yahoo_bootstrap
2023-03-01,43.40000153,44.54999924,43.40000153,43.79999924,2190495,0,1,38.63766705,yahoo_bootstrap
2023-03-02,43.79999924,43.79999924,43.15000153,43.34999847,678180,0,1,38.24070403,yahoo_bootstrap
2023-03-03,43.75,43.75,43.20000076,43.54999924,932350,0,1,38.41713242,yahoo_bootstrap
2023-03-06,43.84999847,44.45000076,43.79999924,44.20000076,1002004,0,1,38.99052381,yahoo_bootstrap
2023-03-07,44.29999924,44.29999924,43.79999924,43.84999847,1005501,0,1,38.6817733,yahoo_bootstrap
2023-03-08,43.84999847,45.34999847,43.84999847,45.29999924,2746635,0,1,39.96087485,yahoo_bootstrap
2023-03-09,45.09999847,46.40000153,45.04999924,45.04999924,3113238,0,1,39.74034022,yahoo_bootstrap
2023-03-10,44.79999924,46,44.65000153,45.20000076,2314427,0,1,39.87266234,yahoo_bootstrap
2023-03-13,45.5,46.25,45.04999924,46.09999847,3323177,0,1,40.666585,yahoo_bootstrap
2023-03-14,46.04999924,47,45.79999924,46.95000076,3532961,0,1,41.41640477,yahoo_bootstrap
2023-03-15,47.29999924,48.70000076,47.25,47.84999847,5935154,0,1,42.21032743,yahoo_bootstrap
2023-03-16,48,48.5,47.15000153,47.54999924,3736102,0,1,41.94568655,yahoo_bootstrap
2023-03-17,48.04999924,48.25,47.20000076,48.09999847,1996475,0,1,42.43086206,yahoo_bootstrap
2023-03-20,48.40000153,48.90000153,47.59999847,47.59999847,2728658,0,1,41.9897928,yahoo_bootstrap
2023-03-21,47.95000076,49.75,47.95000076,49.09999847,4588619,0,1,43.31300059,yahoo_bootstrap
2023-03-22,49.79999924,51.29999924,49.20000076,50.5,7713082,0,1,44.54799589,yahoo_bootstrap
2023-03-23,50.70000076,51.90000153,50.09999847,51.29999924,5637794,0,1,45.25370605,yahoo_bootstrap
2023-03-24,51.90000153,51.90000153,50.09999847,51.40000153,4733347,0,1,45.34192192,yahoo_bootstrap
2023-03-27,52,53.90000153,51.59999847,52.90000153,8515619,0,1,46.66512972,yahoo_bootstrap
2023-03-28,53.40000153,53.40000153,50.59999847,51.79999924,6324343,0,1,45.69477531,yahoo_bootstrap
2023-03-29,51.79999924,52.79999924,51.40000153,52,3868729,0,1,45.87120369,yahoo_bootstrap
2023-03-30,52.90000153,53.70000076,52.40000153,52.5,3902310,0,1,46.31227295,yahoo_bootstrap
2023-03-31,53.09999847,53.20000076,52,52.40000153,2417205,0,1,46.22406045,yahoo_bootstrap
2023-04-06,52,53.5,51.90000153,53.5,4220999,0,1,47.19441149,yahoo_bootstrap
2023-04-07,53.20000076,53.5,51.59999847,51.70000076,2965670,0,1,45.6065628,yahoo_bootstrap
2023-04-10,52,52.40000153,51.29999924,51.79999924,1850831,0,1,45.69477531,yahoo_bootstrap
2023-04-11,51.90000153,53,51.5,53,4733141,0,1,46.75334222,yahoo_bootstrap
2023-04-12,53.29999924,53.40000153,52.59999847,52.79999924,2751445,0,1,46.57691384,yahoo_bootstrap
2023-04-13,52.59999847,53,52,52.5,1835186,0,1,46.31227295,yahoo_bootstrap
2023-04-14,52.59999847,53.5,52.59999847,52.90000153,2343488,0,1,46.66512972,yahoo_bootstrap
2023-04-17,53.5,56.29999924,53.29999924,56,11095860,0,1,49.39975782,yahoo_bootstrap
2023-04-18,56.79999924,56.79999924,54.29999924,55,6822089,0,1,48.51761929,yahoo_bootstrap
2023-04-19,55,55.20000076,53.70000076,53.70000076,2418050,0,1,47.37083986,yahoo_bootstrap
2023-04-20,53.59999847,53.70000076,52.70000076,53.29999924,2446486,0,1,47.01798311,yahoo_bootstrap
2023-04-21,53.29999924,53.59999847,51.20000076,51.29999924,3105500,0,1,45.25370605,yahoo_bootstrap
2023-04-24,51,53.20000076,50.90000153,53.09999847,1771936,0,1,46.84155472,yahoo_bootstrap
2023-04-25,52.90000153,53.90000153,50.29999924,50.90000153,4028130,0,1,44.90085265,yahoo_bootstrap
2023-04-26,50.79999924,52.70000076,50.70000076,52.5,2554158,0,1,46.31227295,yahoo_bootstrap
2023-04-27,52,52.40000153,50.79999924,51.79999924,1455123,0,1,45.69477531,yahoo_bootstrap
2023-04-28,52,52.79999924,51.59999847,52.59999847,1849600,0,1,46.40048546,yahoo_bootstrap
2023-05-02,53.40000153,54.59999847,52.70000076,54,2976510,0,1,47.63548075,yahoo_bootstrap
2023-05-03,53.5,53.70000076,52.09999847,52.5,2213200,0,1,46.31227295,yahoo_bootstrap
2023-05-04,53.40000153,56.59999847,52.79999924,56,12873611,0,1,49.39975782,yahoo_bootstrap
2023-05-05,59,61.59999847,58.90000153,61.59999847,13738868,0,1,54.33973225,yahoo_bootstrap
2023-05-08,62.09999847,67.5,61.29999924,66,70526584,0,1,58.22114314,yahoo_bootstrap
2023-05-09,66.69999695,69.5,65.19999695,67.59999847,45461151,0,1,59.63256344,yahoo_bootstrap
2023-05-10,68.30000305,68.80000305,65.59999847,68.19999695,22884503,0,1,60.16184522,yahoo_bootstrap
2023-05-11,67.69999695,68.19999695,64.5,65,16831011,0,1,57.33900461,yahoo_bootstrap
2023-05-12,64.09999847,66,62.5,65,14811851,0,1,57.33900461,yahoo_bootstrap
2023-05-15,64.40000153,65.5,63.59999847,65.5,8381958,0,1,57.78007388,yahoo_bootstrap
2023-05-16,65.19999695,67.40000153,64.40000153,64.80000305,15880716,0,1,57.16257959,yahoo_bootstrap
2023-05-17,65.19999695,67.5,65.19999695,66.30000305,16074950,0,1,58.48578739,yahoo_bootstrap
2023-05-18,67.19999695,68.30000305,66.5,68.19999695,16680533,0,1,60.16184522,yahoo_bootstrap
2023-05-19,70.5,74.40000153,68.19999695,71.69999695,45393497,0,1,63.24933009,yahoo_bootstrap
2023-05-22,72.09999847,73.59999847,70.59999847,72.30000305,17804374,0,1,63.77861859,yahoo_bootstrap
2023-05-23,72.30000305,74.30000305,71.19999695,72,14574129,0,1,63.51397434,yahoo_bootstrap
2023-05-24,71.80000305,74.09999847,70.90000153,74.09999847,13424080,0,1,65.36646391,yahoo_bootstrap
2023-05-25,79.5,81.5,77.69999695,81.5,19492081,0,1,71.8942904,yahoo_bootstrap
2023-05-26,84.09999847,88.5,82.90000153,84.5,73967882,0,1,74.54070599,yahoo_bootstrap
2023-05-29,87.80000305,92.80000305,85.59999847,89,49748372,0,1,78.51032939,yahoo_bootstrap
2023-05-30,89.5,90,87.30000305,87.90000153,18223079,0,1,77.53997835,yahoo_bootstrap
2023-05-31,87.30000305,88.59999847,84.69999695,86.80000305,20170599,0,1,76.56962731,yahoo_bootstrap
2023-06-01,86.30000305,88.40000153,85.59999847,88.19999695,16859380,0,1,77.80461587,yahoo_bootstrap
2023-06-02,90.19999695,92,87.5,87.90000153,29944290,0,1,77.53997835,yahoo_bootstrap
2023-06-05,87.90000153,88.69999695,86,87.90000153,10491977,0,1,77.53997835,yahoo_bootstrap
2023-06-06,88.19999695,89.40000153,86.90000153,87.59999847,10649058,0,1,77.27533409,yahoo_bootstrap
2023-06-07,88,91.09999847,87.80000305,89.80000305,17527234,0,1,79.21604291,yahoo_bootstrap
2023-06-08,89.69999695,90.19999695,88.09999847,88.40000153,8695259,0,1,77.98104762,yahoo_bootstrap
2023-06-09,89.30000305,93.59999847,89.30000305,91.19999695,26101454,0,1,80.45103147,yahoo_bootstrap
2023-06-12,91.5,92,83.5,85.09999847,23578380,0,1,75.06998776,yahoo_bootstrap
2023-06-13,85.59999847,88.90000153,85.5,88.30000305,14019933,0,1,77.89283511,yahoo_bootstrap
2023-06-14,88.80000305,93,88.30000305,92.69999695,14099465,0,1,81.77423927,yahoo_bootstrap
2023-06-15,94,95.19999695,89.40000153,90.09999847,21316563,0,1,79.48068043,yahoo_bootstrap
2023-06-16,91,93.5,90.09999847,92,18469051,0,1,81.15674499,yahoo_bootstrap
2023-06-19,94.5,99.69999695,89.90000153,90.19999695,30832105,0,1,79.56889294,yahoo_bootstrap
2023-06-20,91,92.69999695,90,90.40000153,12674639,0,1,79.74532468,yahoo_bootstrap
2023-06-21,90.40000153,92.30000305,90,92.09999847,7768349,0,1,81.24495749,yahoo_bootstrap
2023-06-26,90.90000153,91.30000305,89,89.80000305,6369664,0,1,79.21604291,yahoo_bootstrap
2023-06-27,88.5,88.90000153,85.69999695,87,10650358,0,1,76.74605232,yahoo_bootstrap
2023-06-28,88.69999695,90.5,88.5,89.30000305,6328800,0,1,78.77497364,yahoo_bootstrap
2023-06-29,90.40000153,91.5,90.19999695,91.40000153,5737649,0,1,80.62746322,yahoo_bootstrap
2023-06-30,92.19999695,93.40000153,89.19999695,93,9773441,0,1,82.03888352,yahoo_bootstrap
2023-07-03,95.59999847,102,95.59999847,102,28688886,0,1,89.97813031,yahoo_bootstrap
2023-07-04,103,110,98.5,108,36419091,0,1,95.27096151,yahoo_bootstrap
2023-07-05,100.5,104.5,99.90000153,102,15655353,2.586062,1,92.18551416,yahoo_bootstrap
2023-07-06,100,102,96,96.69999695,14230538,0,1,87.39547978,yahoo_bootstrap
2023-07-07,97.80000305,99.09999847,92.59999847,92.80000305,17838294,0,1,83.87074505,yahoo_bootstrap
2023-07-10,92.90000153,93.40000153,89.5,90.09999847,11575779,0,1,81.43053612,yahoo_bootstrap
2023-07-11,93.30000305,93.5,90.5,90.69999695,8790078,0,1,81.97280248,yahoo_bootstrap
2023-07-12,93.5,96.30000305,92.09999847,93.80000305,16894733,0,1,84.7745246,yahoo_bootstrap
2023-07-13,96,102.5,95.5,96.30000305,36837812,0,1,87.03397347,yahoo_bootstrap
2023-07-14,98,101.5,97,101,35928597,0,1,91.2817346,yahoo_bootstrap
2023-07-17,99.80000305,104,95.09999847,102.5,32605788,0,1,92.63740393,yahoo_bootstrap
2023-07-18,105,112.5,100,112.5,47954741,0,1,101.67519944,yahoo_bootstrap
2023-07-19,115,119.5,107.5,114,70122699,0,1,103.03086876,yahoo_bootstrap
2023-07-20,120,125,119,125,16133851,0,1,112.97244382,yahoo_bootstrap
2023-07-21,126,137.5,122.5,137.5,62299747,0,1,124.2696882,yahoo_bootstrap
2023-07-24,145,151,139.5,143.5,65350765,0,1,129.6923655,yahoo_bootstrap
2023-07-25,146,149,139,139,37958333,0,1,125.62535753,yahoo_bootstrap
2023-07-26,141,147,139.5,141,36706065,0,1,127.43291663,yahoo_bootstrap
2023-07-27,146.5,155,144.5,145,48533095,0,1,131.04803483,yahoo_bootstrap
2023-07-28,146,146,139.5,144.5,4939630,0,1,130.59614505,yahoo_bootstrap
2023-07-31,146.5,146.5,130.5,132,7691164,0,1,119.29890067,yahoo_bootstrap
2023-08-01,132,132,120.5,130,8477462,0,1,117.49134157,yahoo_bootstrap
2023-08-02,126.5,128.5,117,117,4841257,0,1,105.74220741,yahoo_bootstrap
2023-08-04,119.5,128.5,119.5,128.5,5923080,0,1,116.13567224,yahoo_bootstrap
2023-08-07,135,141,131.5,139,8528096,0,1,125.62535753,yahoo_bootstrap
2023-08-08,139,139,133.5,136,3980430,0,1,122.91401887,yahoo_bootstrap
2023-08-09,132,138.5,132,137,2835270,0,1,123.81779842,yahoo_bootstrap
2023-08-10,133,133,123.5,123.5,4988763,0,1,111.61677449,yahoo_bootstrap
2023-08-11,126.5,131,124,130,4570899,0,1,117.49134157,yahoo_bootstrap
2023-08-14,124,132.5,120,124,17664188,0,1,112.06866427,yahoo_bootstrap
2023-08-15,129,133.5,127,130.5,23343338,0,1,117.94323135,yahoo_bootstrap
2023-08-16,130,143.5,128.5,143.5,39751066,0,1,129.6923655,yahoo_bootstrap
2023-08-17,143.5,153,142.5,147.5,62324333,0,1,133.3074837,yahoo_bootstrap
2023-08-18,150,152,133.5,137.5,41266008,0,1,124.2696882,yahoo_bootstrap
2023-08-21,142.5,151,140,151,33371740,0,1,136.47071213,yahoo_bootstrap
2023-08-22,155,156.5,144.5,145.5,45486209,0,1,131.4999246,yahoo_bootstrap
2023-08-23,147,149.5,145,145,19986649,0,1,131.04803483,yahoo_bootstrap
2023-08-24,149.5,156,143.5,144.5,46480072,0,1,130.59614505,yahoo_bootstrap
2023-08-25,140,148,139,141,21022469,0,1,127.43291663,yahoo_bootstrap
2023-08-28,142.5,142.5,129.5,132.5,24114989,0,1,119.75079045,yahoo_bootstrap
2023-08-29,135,137,130.5,132,16047026,0,1,119.29890067,yahoo_bootstrap
2023-08-30,135,138,131.5,132,17378650,0,1,119.29890067,yahoo_bootstrap
2023-08-31,130,136,128,136,15497604,0,1,122.91401887,yahoo_bootstrap
2023-09-01,135,135.5,128,128.5,12170839,0,1,116.13567224,yahoo_bootstrap
2023-09-04,128,129,125,128,9255922,0,1,115.68378247,yahoo_bootstrap
2023-09-05,127,128.5,124,126.5,12746387,0,1,114.32811314,yahoo_bootstrap
2023-09-06,127,130,126,127,9307235,0,1,114.78000292,yahoo_bootstrap
2023-09-07,126,126.5,123.5,124.5,6988204,0,1,112.52055404,yahoo_bootstrap
2023-09-08,122.5,125.5,119,120.5,13742906,0,1,108.90543584,yahoo_bootstrap
2023-09-11,120,121,114,115.5,13640463,0,1,104.38653809,yahoo_bootstrap
2023-09-12,117,117.5,112.5,113.5,8655204,0,1,102.57897899,yahoo_bootstrap
2023-09-13,112.5,113.5,110,112.5,7202804,0,1,101.67519944,yahoo_bootstrap
2023-09-14,115.5,117,113.5,115.5,8921940,0,1,104.38653809,yahoo_bootstrap
2023-09-15,115.5,116.5,113,115.5,7126152,0,1,104.38653809,yahoo_bootstrap
2023-09-18,113,113,109.5,110.5,6465869,0,1,99.86764033,yahoo_bootstrap
2023-09-19,109.5,111,104.5,107,12780660,0,1,96.70441191,yahoo_bootstrap
2023-09-20,106,110,105,107.5,6847357,0,1,97.15630168,yahoo_bootstrap
2023-09-21,106,108,104,106.5,5165110,0,1,96.25252213,yahoo_bootstrap
2023-09-22,105.5,111.5,104.5,109.5,9626176,0,1,98.96386078,yahoo_bootstrap
2023-09-25,110,113,108.5,109.5,9255582,0,1,98.96386078,yahoo_bootstrap
2023-09-26,110,116.5,109.5,111,22118123,0,1,100.31953011,yahoo_bootstrap
2023-09-27,110.5,115.5,109.5,115,13403021,0,1,103.93464831,yahoo_bootstrap
2023-09-28,116.5,117.5,114,116.5,16556278,0,1,105.29031764,yahoo_bootstrap
2023-10-02,118.5,125.5,117.5,122,20423165,0,1,110.26110517,yahoo_bootstrap
2023-10-03,123,125,118,119.5,14550997,0,1,108.00165629,yahoo_bootstrap
2023-10-04,116.5,119,114,117,9578187,0,1,105.74220741,yahoo_bootstrap
2023-10-05,118,119.5,115.5,118.5,8502521,0,1,107.09787674,yahoo_bootstrap
2023-10-06,120,120.5,116,116.5,6243493,0,1,105.29031764,yahoo_bootstrap
2023-10-11,115,116,105,105,21184083,0,1,94.89685281,yahoo_bootstrap
2023-10-12,107,109.5,106,108.5,11855433,0,1,98.06008123,yahoo_bootstrap
2023-10-13,107,108,105,106,5406288,0,1,95.80063236,yahoo_bootstrap
2023-10-16,105.5,107.5,102,103,7257720,0,1,93.08929371,yahoo_bootstrap
2023-10-17,104.5,104.5,99.30000305,99.90000153,8343273,0,1,90.28757848,yahoo_bootstrap
2023-10-18,98.90000153,99.30000305,93.09999847,95,12637390,0,1,85.8590573,yahoo_bootstrap
2023-10-19,94.09999847,95.5,92.69999695,93.80000305,7187661,0,1,84.7745246,yahoo_bootstrap
2023-10-20,93,93.59999847,91.09999847,92.5,5157491,0,1,83.59960842,yahoo_bootstrap
2023-10-23,91.90000153,94.90000153,91.40000153,92.19999695,3756600,0,1,83.3284718,yahoo_bootstrap
2023-10-24,93.19999695,94.80000305,91.19999695,94.5,5656460,0,1,85.40716753,yahoo_bootstrap
2023-10-25,94.59999847,94.59999847,93,93.09999847,4521539,0,1,84.14187477,yahoo_bootstrap
2023-10-26,90.80000305,91.30000305,89.40000153,89.40000153,3947837,0,1,80.7978932,yahoo_bootstrap
2023-10-27,90.30000305,91.59999847,89.40000153,90.09999847,3944028,0,1,81.43053612,yahoo_bootstrap
2023-10-30,90.30000305,92.09999847,90.30000305,90.40000153,2508394,0,1,81.70167275,yahoo_bootstrap
2023-10-31,91.40000153,91.69999695,86.5,87,4220767,0,1,78.6288209,yahoo_bootstrap
2023-11-01,88,90,87.30000305,89.5,4037192,0,1,80.88826977,yahoo_bootstrap
2023-11-02,91.59999847,94.80000305,91.59999847,93,6921430,0,1,84.0514982,yahoo_bootstrap
2023-11-03,93.30000305,93.5,90.30000305,90.80000305,5140794,0,1,82.06318595,yahoo_bootstrap
2023-11-06,94.59999847,99.80000305,94.30000305,99.69999695,22846971,0,1,90.10681843,yahoo_bootstrap
2023-11-07,97.5,98.19999695,95.59999847,97.5,18142741,0,1,88.11850618,yahoo_bootstrap
2023-11-08,98.5,102,97.30000305,98.90000153,18451732,0,1,89.38379893,yahoo_bootstrap
2023-11-09,99.5,101,97.19999695,99.59999847,14165405,0,1,90.01644185,yahoo_bootstrap
2023-11-10,98.69999695,99,95.09999847,95.19999695,8820377,0,1,86.03981045,yahoo_bootstrap
2023-11-13,97.09999847,99.40000153,96.69999695,97.90000153,7522230,0,1,88.48001938,yahoo_bootstrap
2023-11-14,99,99.5,97,97.09999847,4368470,0,1,87.75699297,yahoo_bootstrap
2023-11-15,99,100.5,98,98.80000305,7835786,0,1,89.29342235,yahoo_bootstrap
2023-11-16,99.5,102,98.5,101,8380881,0,1,91.2817346,yahoo_bootstrap
2023-11-17,101,101.5,98.80000305,100,4686589,0,1,90.37795505,yahoo_bootstrap
2023-11-20,100.5,102.5,99.19999695,102,6344758,0,1,92.18551416,yahoo_bootstrap
2023-11-21,102.5,103,100.5,101.5,6630257,0,1,91.73362438,yahoo_bootstrap
2023-11-22,101.5,101.5,98.69999695,99.09999847,5080901,0,1,89.56455208,yahoo_bootstrap
2023-11-23,99.69999695,100.5,96.80000305,97,4871817,0,1,87.6666164,yahoo_bootstrap
2023-11-24,97.5,98.30000305,96.69999695,97.09999847,2283495,0,1,87.75699297,yahoo_bootstrap
2023-11-27,97.19999695,97.5,93.30000305,93.59999847,3729574,0,1,84.59376455,yahoo_bootstrap
2023-11-28,94.40000153,99,94,98.5,4970445,0,1,89.02228573,yahoo_bootstrap
2023-11-29,98.5,100.5,98.5,99.59999847,4873205,0,1,90.01644185,yahoo_bootstrap
2023-11-30,100.5,101,97.30000305,98.40000153,6598265,0,1,88.93190916,yahoo_bootstrap
2023-12-01,98.30000305,99.80000305,97.19999695,99,3820041,0,1,89.4741755,yahoo_bootstrap
2023-12-04,99.5,99.59999847,93.80000305,94,8394643,0,1,84.95527775,yahoo_bootstrap
2023-12-05,94.40000153,97.40000153,93.59999847,96.19999695,5138940,0,1,86.94359001,yahoo_bootstrap
2023-12-06,96.19999695,100.5,95,95.40000153,11648593,0,1,86.2205705,yahoo_bootstrap
2023-12-07,96.09999847,96.5,93.90000153,94.69999695,5683547,0,1,85.58792068,yahoo_bootstrap
2023-12-08,96.09999847,96.69999695,95,95.30000305,3353092,0,1,86.13019392,yahoo_bootstrap
2023-12-11,96.19999695,96.59999847,94.09999847,94.19999695,3127951,0,1,85.1360309,yahoo_bootstrap
2023-12-12,94.80000305,95.5,93.19999695,93.5,3238661,0,1,84.50338798,yahoo_bootstrap
2023-12-13,94,96,93.59999847,94.09999847,3819505,0,1,85.04565432,yahoo_bootstrap
2023-12-14,95.5,95.59999847,94.5,95.09999847,3652880,0,1,85.94943387,yahoo_bootstrap
2023-12-15,95.5,96.09999847,93.80000305,93.80000305,3545658,0,1,84.7745246,yahoo_bootstrap
2023-12-18,93.90000153,95.19999695,93.30000305,93.59999847,1778097,0,1,84.59376455,yahoo_bootstrap
2023-12-19,93.80000305,94.30000305,92.09999847,93.59999847,2586557,0,1,84.59376455,yahoo_bootstrap
2023-12-20,94.59999847,96,94.09999847,94.69999695,4129192,0,1,85.58792068,yahoo_bootstrap
2023-12-21,94.19999695,96.5,93.19999695,96.5,5147532,0,1,87.21472663,yahoo_bootstrap
2023-12-22,103,106,102.5,106,35284167,0,1,95.80063236,yahoo_bootstrap
2023-12-25,110,111,105,105,33684063,0,1,94.89685281,yahoo_bootstrap
2023-12-26,107,107,104,106,10861572,0,1,95.80063236,yahoo_bootstrap
2023-12-27,106.5,108.5,104,108,15650883,0,1,97.60819146,yahoo_bootstrap
2023-12-28,108,109,105,105.5,10348925,0,1,95.34874258,yahoo_bootstrap
2023-12-29,107,109.5,106.5,107.5,14743262,0,1,97.15630168,yahoo_bootstrap
2024-01-02,108.5,112.5,107,109,16354593,0,1,98.51197101,yahoo_bootstrap
2024-01-03,107,108.5,104.5,104.5,9714962,0,1,94.44496303,yahoo_bootstrap
2024-01-04,104.5,105.5,100,101,9492779,0,1,91.2817346,yahoo_bootstrap
2024-01-05,101.5,102.5,98.30000305,98.69999695,10237120,0,1,89.20303888,yahoo_bootstrap
2024-01-08,99.69999695,99.90000153,97.30000305,98.09999847,4950870,0,1,88.66077253,yahoo_bootstrap
2024-01-09,99.09999847,99.90000153,96.69999695,97.5,11666226,0,1,88.11850618,yahoo_bootstrap
2024-01-10,97.5,102,97.5,102,13584931,0,1,92.18551416,yahoo_bootstrap
2024-01-11,102,104,100.5,101.5,11548270,0,1,91.73362438,yahoo_bootstrap
2024-01-12,101,104,100,102.5,8988471,0,1,92.63740393,yahoo_bootstrap
2024-01-15,103,103.5,100,101.5,7962534,0,1,91.73362438,yahoo_bootstrap
2024-01-16,101.5,103.5,99.30000305,99.40000153,11993663,0,1,89.83568871,yahoo_bootstrap
2024-01-17,99.5,99.5,97.5,97.69999695,7491929,0,1,88.29925933,yahoo_bootstrap
2024-01-18,98,99.19999695,95.59999847,95.59999847,6245464,0,1,86.40132365,yahoo_bootstrap
2024-01-19,96.90000153,101,96.90000153,100.5,13420449,0,1,90.82984483,yahoo_bootstrap
2024-01-22,102,107.5,102,107.5,21374056,0,1,97.15630168,yahoo_bootstrap
2024-01-23,108,113,104,111.5,31174048,0,1,100.77141989,yahoo_bootstrap
2024-01-24,112.5,114.5,109.5,111.5,22943745,0,1,100.77141989,yahoo_bootstrap
2024-01-25,114,114.5,107,109,22617664,0,1,98.51197101,yahoo_bootstrap
2024-01-26,110,113,108.5,109,22701986,0,1,98.51197101,yahoo_bootstrap
2024-01-29,109.5,119,109,117,38378373,0,1,105.74220741,yahoo_bootstrap
2024-01-30,119,122.5,117,118,45558777,0,1,106.64598696,yahoo_bootstrap
2024-01-31,117,118,115.5,116.5,14388421,0,1,105.29031764,yahoo_bootstrap
2024-02-01,115.5,123.5,115,122.5,32337107,0,1,110.71299494,yahoo_bootstrap
2024-02-02,125,134.5,125,134.5,51587941,0,1,121.55834955,yahoo_bootstrap
2024-02-05,138,141,132,132.5,50010743,0,1,119.75079045,yahoo_bootstrap
2024-02-15,138,142,136,138,31752765,0,1,124.72157797,yahoo_bootstrap
2024-02-16,137.5,140.5,134,136,19990344,0,1,122.91401887,yahoo_bootstrap
2024-02-19,136.5,139.5,133.5,134.5,15694360,0,1,121.55834955,yahoo_bootstrap
2024-02-20,135,136.5,130,134,14283481,0,1,121.10645977,yahoo_bootstrap
2024-02-21,131.5,135.5,130.5,132,9573930,0,1,119.29890067,yahoo_bootstrap
2024-02-22,136.5,139,132,132.5,20331697,0,1,119.75079045,yahoo_bootstrap
2024-02-23,134,135,125,125,27012825,0,1,112.97244382,yahoo_bootstrap
2024-02-26,125,128.5,122.5,127.5,12468085,0,1,115.23189269,yahoo_bootstrap
2024-02-27,126.5,129.5,121.5,124.5,12583250,0,1,112.52055404,yahoo_bootstrap
2024-02-29,124.5,129,122.5,127,15432316,0,1,114.78000292,yahoo_bootstrap
2024-03-01,128,132,127,131,16095028,0,1,118.39512112,yahoo_bootstrap
2024-03-04,132.5,134,127,127,15202310,0,1,114.78000292,yahoo_bootstrap
2024-03-05,128,132,127,131,10943349,0,1,118.39512112,yahoo_bootstrap
2024-03-06,130,136,129,133.5,24457529,0,1,120.65457,yahoo_bootstrap
2024-03-07,135,135.5,124.5,125,24529028,0,1,112.97244382,yahoo_bootstrap
2024-03-08,126,130,122.5,123,16505230,0,1,111.16488472,yahoo_bootstrap
2024-03-11,122,126.5,121.5,123.5,8560355,0,1,111.61677449,yahoo_bootstrap
2024-03-12,123.5,128,122,126,9918678,0,1,113.87622337,yahoo_bootstrap
2024-03-13,127,128,117.5,118.5,20924215,0,1,107.09787674,yahoo_bootstrap
2024-03-14,118.5,121.5,116,118,9519473,0,1,106.64598696,yahoo_bootstrap
2024-03-15,117.5,119.5,116.5,117.5,6678360,0,1,106.19409719,yahoo_bootstrap
2024-03-18,118,123.5,117,123,7693223,0,1,111.16488472,yahoo_bootstrap
2024-03-19,124.5,124.5,119.5,122,9930478,0,1,110.26110517,yahoo_bootstrap
2024-03-20,123,123.5,119,119,6338259,0,1,107.54976651,yahoo_bootstrap
2024-03-21,120.5,121,118.5,120,4614783,0,1,108.45354606,yahoo_bootstrap
2024-03-22,120.5,123,120,120.5,4739112,0,1,108.90543584,yahoo_bootstrap
2024-03-25,122,126,121,125.5,11346392,0,1,113.42433359,yahoo_bootstrap
2024-03-26,126.5,131,124.5,129,29926224,0,1,116.58756202,yahoo_bootstrap
2024-03-27,130.5,132,127,132,21741627,0,1,119.29890067,yahoo_bootstrap
2024-03-28,133,134,129,131.5,17672121,0,1,118.8470109,yahoo_bootstrap
2024-03-29,137,142,131.5,132,46960000,0,1,119.29890067,yahoo_bootstrap
2024-04-01,132.5,135,129.5,134,13706037,0,1,121.10645977,yahoo_bootstrap
2024-04-02,134,134.5,128,128.5,11678963,0,1,116.13567224,yahoo_bootstrap
2024-04-03,128.5,130.5,127.5,128.5,6851268,0,1,116.13567224,yahoo_bootstrap
2024-04-08,129.5,133.5,128.5,132.5,9641757,0,1,119.75079045,yahoo_bootstrap
2024-04-09,133,134,128,128,7277344,0,1,115.68378247,yahoo_bootstrap
2024-04-10,128.5,129,123,123,7340414,0,1,111.16488472,yahoo_bootstrap
2024-04-11,122,124.5,121.5,122.5,4004951,0,1,110.71299494,yahoo_bootstrap
2024-04-12,123,125.5,122.5,123,3340911,0,1,111.16488472,yahoo_bootstrap
2024-04-15,123,123.5,119,120.5,4676949,0,1,108.90543584,yahoo_bootstrap
2024-04-16,119.5,120,114.5,115.5,6442488,0,1,104.38653809,yahoo_bootstrap
2024-04-17,117.5,118,116,116.5,3757118,0,1,105.29031764,yahoo_bootstrap
2024-04-18,116,117,113.5,115.5,5805246,0,1,104.38653809,yahoo_bootstrap
2024-04-19,114.5,118,109,112,7201330,0,1,101.22330966,yahoo_bootstrap
2024-04-22,111.5,113,108.5,109,3874991,0,1,98.51197101,yahoo_bootstrap
2024-04-23,111.5,113,108,109.5,3318469,0,1,98.96386078,yahoo_bootstrap
2024-04-24,112,116,112,113.5,6478978,0,1,102.57897899,yahoo_bootstrap
2024-04-25,113,114,110.5,110.5,5968556,0,1,99.86764033,yahoo_bootstrap
2024-04-26,113.5,117.5,112.5,113,9400518,0,1,102.12708921,yahoo_bootstrap
2024-04-29,114.5,116,114,116,3649674,0,1,104.83842786,yahoo_bootstrap
2024-04-30,116,116,112.5,112.5,5120938,0,1,101.67519944,yahoo_bootstrap
2024-05-02,111.5,113.5,110,112.5,2981239,0,1,101.67519944,yahoo_bootstrap
2024-05-03,114.5,115.5,111.5,111.5,2439514,0,1,100.77141989,yahoo_bootstrap
2024-05-06,113,114,111.5,114,3720372,0,1,103.03086876,yahoo_bootstrap
2024-05-07,113.5,115.5,112,114.5,3200773,0,1,103.48275854,yahoo_bootstrap
2024-05-08,114.5,116,113.5,115.5,2910350,0,1,104.38653809,yahoo_bootstrap
2024-05-09,116.5,119.5,115,119.5,7694955,0,1,108.00165629,yahoo_bootstrap
2024-05-10,119,119.5,113,114.5,8848353,0,1,103.48275854,yahoo_bootstrap
2024-05-13,114.5,114.5,110.5,112,4292178,0,1,101.22330966,yahoo_bootstrap
2024-05-14,112.5,114.5,112,114,2508793,0,1,103.03086876,yahoo_bootstrap
2024-05-15,115,115,112,112.5,3013901,0,1,101.67519944,yahoo_bootstrap
2024-05-16,113.5,114.5,111.5,113,3082813,0,1,102.12708921,yahoo_bootstrap
2024-05-17,113.5,115,112,114,4083455,0,1,103.03086876,yahoo_bootstrap
2024-05-20,113.5,115,112,114,2571279,0,1,103.03086876,yahoo_bootstrap
2024-05-21,114.5,116,113.5,114.5,3372900,0,1,103.48275854,yahoo_bootstrap
2024-05-22,115.5,116.5,114.5,115.5,4452279,0,1,104.38653809,yahoo_bootstrap
2024-05-23,116,116,113,113.5,4619574,0,1,102.57897899,yahoo_bootstrap
2024-05-24,112.5,112.5,110.5,112,4060309,0,1,101.22330966,yahoo_bootstrap
2024-05-27,113,117.5,113,117.5,9118130,0,1,106.19409719,yahoo_bootstrap
2024-05-28,118.5,121,116,116.5,8901290,0,1,105.29031764,yahoo_bootstrap
2024-05-29,117.5,118,116,117.5,4613709,0,1,106.19409719,yahoo_bootstrap
2024-05-30,116,117,114,115,3111751,0,1,103.93464831,yahoo_bootstrap
2024-05-31,115.5,118.5,114,118,5457669,0,1,106.64598696,yahoo_bootstrap
2024-06-03,120.5,122,118,120,8124369,0,1,108.45354606,yahoo_bootstrap
2024-06-04,120.5,121,116,117,5281319,0,1,105.74220741,yahoo_bootstrap
2024-06-05,117.5,118.5,115,117,4624960,0,1,105.74220741,yahoo_bootstrap
2024-06-06,118.5,120,114.5,115.5,6333499,0,1,104.38653809,yahoo_bootstrap
2024-06-07,115.5,115.5,111,111,5533058,0,1,100.31953011,yahoo_bootstrap
2024-06-11,112,112.5,107.5,108.5,5349627,0,1,98.06008123,yahoo_bootstrap
2024-06-12,108.5,109.5,107.5,109.5,2633815,0,1,98.96386078,yahoo_bootstrap
2024-06-13,110.5,113,110,112,3887548,0,1,101.22330966,yahoo_bootstrap
2024-06-14,112.5,113,110,112,2192630,0,1,101.22330966,yahoo_bootstrap
2024-06-17,112,113,109,109,2498012,0,1,98.51197101,yahoo_bootstrap
2024-06-18,110,111,108.5,111,2295567,0,1,100.31953011,yahoo_bootstrap
2024-06-19,111.5,112,109.5,112,3126315,0,1,101.22330966,yahoo_bootstrap
2024-06-20,111.5,113,111,113,2938345,0,1,102.12708921,yahoo_bootstrap
2024-06-21,113,114.5,111.5,114.5,2775020,0,1,103.48275854,yahoo_bootstrap
2024-06-24,115.5,115.5,112.5,114.5,3004366,0,1,103.48275854,yahoo_bootstrap
2024-06-25,114,114.5,110.5,114.5,2400780,0,1,103.48275854,yahoo_bootstrap
2024-06-26,114.5,115,112.5,114,2193600,0,1,103.03086876,yahoo_bootstrap
2024-06-27,113.5,114.5,112.5,114.5,2057244,0,1,103.48275854,yahoo_bootstrap
2024-06-28,114.5,115.5,113.5,115,2619012,0,1,103.93464831,yahoo_bootstrap
2024-07-01,115,115,112,112.5,3184862,0,1,101.67519944,yahoo_bootstrap
2024-07-02,112,113,111,111.5,3250903,0,1,100.77141989,yahoo_bootstrap
2024-07-03,109,111,108,110,2973498,3.481237,1,102.61972901,yahoo_bootstrap
2024-07-04,110.5,110.5,107.5,109,4546828,0,1,101.68682239,yahoo_bootstrap
2024-07-05,109,112,108.5,111.5,4079822,0,1,104.01908895,yahoo_bootstrap
2024-07-08,111,111,107,108.5,4779671,0,1,101.22036907,yahoo_bootstrap
2024-07-09,108.5,108.5,104.5,108,4663660,0,1,100.75391576,yahoo_bootstrap
2024-07-10,107.5,107.5,105.5,106,2529108,0,1,98.8881025,yahoo_bootstrap
2024-07-11,106.5,106.5,104.5,106,2873549,0,1,98.8881025,yahoo_bootstrap
2024-07-12,105,105,103,104.5,2744867,0,1,97.48874256,yahoo_bootstrap
2024-07-15,105,105,102.5,104,2087387,0,1,97.02228925,yahoo_bootstrap
2024-07-16,103.5,105,103,104,2777111,0,1,97.02228925,yahoo_bootstrap
2024-07-17,104,106,104,106,2327476,0,1,98.8881025,yahoo_bootstrap
2024-07-18,104.5,105,102,103,3257727,0,1,96.08938262,yahoo_bootstrap
2024-07-19,102.5,104.5,102,103,3004911,0,1,96.08938262,yahoo_bootstrap
2024-07-22,103,103,97,97.30000305,5518809,0,1,90.77181769,yahoo_bootstrap
2024-07-23,98.90000153,101.5,98.59999847,101.5,3993792,0,1,94.69002268,yahoo_bootstrap
2024-07-26,98.80000305,98.80000305,95.5,97.19999695,3617002,0,1,90.67852134,yahoo_bootstrap
2024-07-29,98.5,98.5,92.69999695,92.69999695,4412960,0,1,86.48044151,yahoo_bootstrap
2024-07-30,92.69999695,96,91.09999847,96,2521852,0,1,89.55903623,yahoo_bootstrap
2024-07-31,95,95.80000305,93.80000305,95.09999847,1890601,0,1,88.71941884,yahoo_bootstrap
2024-08-01,96.30000305,101,96.30000305,100,4309737,0,1,93.29066274,yahoo_bootstrap
2024-08-02,97.80000305,99.09999847,95.59999847,97,3052358,0,1,90.49194286,yahoo_bootstrap
2024-08-05,92.09999847,92.69999695,87.30000305,87.30000305,3478656,0,1,81.44275142,yahoo_bootstrap
2024-08-06,89,92.30000305,82.69999695,87.80000305,3983295,0,1,81.90920473,yahoo_bootstrap
2024-08-07,89.59999847,92.30000305,88.5,92.09999847,4605094,0,1,85.92069896,yahoo_bootstrap
2024-08-08,90.30000305,94.40000153,90.30000305,94.40000153,3608028,0,1,88.06638705,yahoo_bootstrap
2024-08-09,97.19999695,97.90000153,92.19999695,92.19999695,7213515,0,1,86.0139882,yahoo_bootstrap
2024-08-12,92.30000305,92.5,91.19999695,92.19999695,4589544,0,1,86.0139882,yahoo_bootstrap
2024-08-13,93,93.69999695,92,93,2724500,0,1,86.76031635,yahoo_bootstrap
2024-08-14,94,94.30000305,92.19999695,92.59999847,2677092,0,1,86.38715227,yahoo_bootstrap
2024-08-15,92.59999847,92.59999847,90.5,91.80000305,3868864,0,1,85.64083124,yahoo_bootstrap
2024-08-16,93.30000305,93.5,92.5,93.09999847,2446334,0,1,86.85360558,yahoo_bootstrap
2024-08-19,93.5,94.69999695,92.69999695,94.09999847,3006170,0,1,87.78651221,yahoo_bootstrap
2024-08-20,94.69999695,97.5,94.40000153,96,3455404,0,1,89.55903623,yahoo_bootstrap
2024-08-21,96.90000153,96.90000153,93.59999847,94.30000305,4354946,0,1,87.97309781,yahoo_bootstrap
2024-08-22,94.5,95.80000305,94.40000153,95.19999695,3778717,0,1,88.81270808,yahoo_bootstrap
2024-08-23,94.5,94.59999847,92.5,94.09999847,2676316,0,1,87.78651221,yahoo_bootstrap
2024-08-26,95.30000305,97.19999695,94.59999847,95.59999847,3149519,0,1,89.18587215,yahoo_bootstrap
2024-08-27,96.09999847,97,95.09999847,97,1646966,0,1,90.49194286,yahoo_bootstrap
2024-08-28,97.59999847,98,95.30000305,95.80000305,2695683,0,1,89.37245775,yahoo_bootstrap
2024-08-29,94.59999847,95.40000153,94.09999847,95.40000153,1646914,0,1,88.99929368,yahoo_bootstrap
2024-08-30,95.59999847,96.19999695,95.19999695,96.19999695,1548177,0,1,89.74561471,yahoo_bootstrap
2024-09-02,96.90000153,97,94.59999847,94.59999847,1364313,0,1,88.25296552,yahoo_bootstrap
2024-09-03,94.69999695,95.09999847,93.19999695,93.19999695,1565195,0,1,86.94689483,yahoo_bootstrap
2024-09-04,89,89.40000153,85.5,88.30000305,3126412,0,1,82.37565804,yahoo_bootstrap
2024-09-05,88.80000305,91.69999695,88.80000305,89.5,1815903,0,1,83.49514315,yahoo_bootstrap
2024-09-06,89.69999695,90.5,89.09999847,90.5,996076,0,1,84.42804978,yahoo_bootstrap
2024-09-09,87.59999847,89.09999847,87.19999695,88.69999695,2063309,0,1,82.748815,yahoo_bootstrap
2024-09-10,89.59999847,90.19999695,86.40000153,86.59999847,1677215,0,1,80.7897125,yahoo_bootstrap
2024-09-11,87.09999847,88,86.59999847,87.5,644882,0,1,81.6293299,yahoo_bootstrap
2024-09-12,89,90.09999847,88.80000305,89.59999847,1055368,0,1,83.58843239,yahoo_bootstrap
2024-09-13,90.59999847,90.59999847,89.40000153,90.40000153,701111,0,1,84.33476054,yahoo_bootstrap
2024-09-16,92,94.30000305,91,94.09999847,2034072,0,1,87.78651221,yahoo_bootstrap
2024-09-18,94.19999695,95,92.09999847,92.5,1783888,0,1,86.29386303,yahoo_bootstrap
2024-09-19,93,95.30000305,92.69999695,95.30000305,1665010,0,1,88.90600444,yahoo_bootstrap
2024-09-20,97.09999847,97.09999847,95.30000305,95.40000153,2179789,0,1,88.99929368,yahoo_bootstrap
2024-09-23,96,96.59999847,95.30000305,95.90000153,1054219,0,1,89.46574699,yahoo_bootstrap
2024-09-24,96.5,96.5,94.59999847,94.69999695,627353,0,1,88.34625477,yahoo_bootstrap
2024-09-25,95.90000153,96.90000153,95.5,96,1467306,0,1,89.55903623,yahoo_bootstrap
2024-09-26,96.90000153,97,95,95,1371148,0,1,88.6261296,yahoo_bootstrap
2024-09-27,96.30000305,96.5,95.19999695,96,1383900,0,1,89.55903623,yahoo_bootstrap
2024-09-30,96.40000153,96.40000153,92.40000153,92.40000153,1491712,0,1,86.2005738,yahoo_bootstrap
2024-10-01,93.19999695,94.19999695,92.69999695,93.59999847,1219030,0,1,87.3200589,yahoo_bootstrap
2024-10-04,93.90000153,95,93.5,93.5,1071021,0,1,87.22676966,yahoo_bootstrap
2024-10-07,94.5,95.09999847,94,94.69999695,812191,0,1,88.34625477,yahoo_bootstrap
2024-10-08,94.59999847,94.69999695,93.09999847,94.59999847,1041382,0,1,88.25296552,yahoo_bootstrap
2024-10-09,95,95.80000305,92.80000305,92.80000305,1326489,0,1,86.57373787,yahoo_bootstrap
2024-10-11,93.80000305,102,93.40000153,102,9487163,0,1,95.15647599,yahoo_bootstrap
2024-10-14,104.5,104.5,98,98.09999847,16011622,0,1,91.51813872,yahoo_bootstrap
2024-10-15,99.09999847,101,98.5,99.30000305,5340562,0,1,92.63763095,yahoo_bootstrap
2024-10-16,99.69999695,109,99.5,108.5,28611940,0,1,101.22036907,yahoo_bootstrap
2024-10-17,111,112.5,107,108.5,21911789,0,1,101.22036907,yahoo_bootstrap
2024-10-18,111,114,108,108.5,20575165,0,1,101.22036907,yahoo_bootstrap
2024-10-21,110,112,106,106.5,12281996,0,1,99.35455582,yahoo_bootstrap
2024-10-22,106.5,107,104,105.5,6668438,0,1,98.42164919,yahoo_bootstrap
2024-10-23,105.5,108.5,104,107,5637946,0,1,99.82100913,yahoo_bootstrap
2024-10-24,107.5,107.5,102.5,102.5,6434545,0,1,95.62292931,yahoo_bootstrap
2024-10-25,103.5,106,102.5,103.5,3123792,0,1,96.55583593,yahoo_bootstrap
2024-10-28,105.5,106.5,101,101.5,4982430,0,1,94.69002268,yahoo_bootstrap
2024-10-29,102,102,98,98.90000153,4690771,0,1,92.26446688,yahoo_bootstrap
2024-10-30,99.5,100.5,96.5,96.5,4701425,0,1,90.02548954,yahoo_bootstrap
2024-11-01,93,98.40000153,92.80000305,98.40000153,2345298,0,1,91.79801356,yahoo_bootstrap
2024-11-04,98.40000153,98.40000153,96.59999847,97.09999847,1691100,0,1,90.58523209,yahoo_bootstrap
2024-11-05,97.09999847,98.59999847,96.80000305,97.90000153,1700500,0,1,91.33156025,yahoo_bootstrap
2024-11-06,98.09999847,103,98.09999847,102.5,5186985,0,1,95.62292931,yahoo_bootstrap
2024-11-07,101.5,104,101.5,102.5,3445595,0,1,95.62292931,yahoo_bootstrap
2024-11-08,102.5,103,98.59999847,99.40000153,4576306,0,1,92.73092019,yahoo_bootstrap
2024-11-11,99.5,101,98.80000305,101,1859057,0,1,94.22356937,yahoo_bootstrap
2024-11-12,101,102,97.59999847,98,4306885,0,1,91.42484948,yahoo_bootstrap
2024-11-13,98.09999847,100.5,96.80000305,98.40000153,2212585,0,1,91.79801356,yahoo_bootstrap
2024-11-14,99.40000153,106,99.30000305,102,12273403,0,1,95.15647599,yahoo_bootstrap
2024-11-15,103,104.5,101,102,6700433,0,1,95.15647599,yahoo_bootstrap
2024-11-18,101,101.5,96.80000305,97,4628315,0,1,90.49194286,yahoo_bootstrap
2024-11-19,98.40000153,100.5,98.19999695,99,2757021,0,1,92.35775611,yahoo_bootstrap
2024-11-20,99.69999695,99.69999695,99.69999695,99.69999695,2993039,0,1,93.01078791,yahoo_bootstrap
2024-11-21,99.40000153,101,98.69999695,98.69999695,2562020,0,1,92.07788128,yahoo_bootstrap
2024-11-22,99.90000153,106,99.80000305,105,10929081,0,1,97.95519588,yahoo_bootstrap
2024-11-25,104,105.5,103,104.5,5843091,0,1,97.48874256,yahoo_bootstrap
2024-11-26,103.5,104,102,102.5,2456815,0,1,95.62292931,yahoo_bootstrap
2024-11-27,102.5,103.5,99.5,99.5,1749258,0,1,92.82420943,yahoo_bootstrap
2024-11-28,99.5,100.5,96.09999847,100,3432588,0,1,93.29066274,yahoo_bootstrap
2024-11-29,99.59999847,100.5,98,99.80000305,1695031,0,1,93.10408426,yahoo_bootstrap
2024-12-02,101,101.5,99.90000153,99.90000153,1684177,0,1,93.1973735,yahoo_bootstrap
2024-12-03,101.5,104.5,101,102,3627073,0,1,95.15647599,yahoo_bootstrap
2024-12-04,102.5,105,101.5,105,3575898,0,1,97.95519588,yahoo_bootstrap
2024-12-05,105.5,106,103,103,2929170,0,1,96.08938262,yahoo_bootstrap
2024-12-06,105,105,102.5,103.5,1747887,0,1,96.55583593,yahoo_bootstrap
2024-12-09,104,105,103,103.5,1879270,0,1,96.55583593,yahoo_bootstrap
2024-12-10,103.5,104.5,100,101,1957325,0,1,94.22356937,yahoo_bootstrap
2024-12-11,99.69999695,103.5,99.69999695,103,1562543,0,1,96.08938262,yahoo_bootstrap
2024-12-12,104.5,105,102,102,2269381,0,1,95.15647599,yahoo_bootstrap
2024-12-13,102,103,101,102,1335283,0,1,95.15647599,yahoo_bootstrap
2024-12-16,103,104,96.59999847,97.19999695,3786246,0,1,90.67852134,yahoo_bootstrap
2024-12-17,97.40000153,101,97,98.69999695,2294216,0,1,92.07788128,yahoo_bootstrap
2024-12-18,99.09999847,99.90000153,97.19999695,99.69999695,1234703,0,1,93.01078791,yahoo_bootstrap
2024-12-19,97.69999695,98.69999695,97.30000305,98.30000305,1220423,0,1,91.70472432,yahoo_bootstrap
2024-12-20,98,98.69999695,96.59999847,96.69999695,1953473,0,1,90.21206802,yahoo_bootstrap
2024-12-23,97.40000153,99,96.5,96.69999695,2441702,0,1,90.21206802,yahoo_bootstrap
2024-12-24,98.09999847,99.59999847,97.19999695,97.80000305,1608210,0,1,91.238271,yahoo_bootstrap
2024-12-25,98.59999847,99.40000153,97.69999695,99,1518432,0,1,92.35775611,yahoo_bootstrap
2024-12-26,99.5,99.80000305,98.09999847,98.09999847,1197326,0,1,91.51813872,yahoo_bootstrap
2024-12-27,98.59999847,98.59999847,97.19999695,97.80000305,1191310,0,1,91.238271,yahoo_bootstrap
2024-12-30,97.59999847,97.80000305,96.09999847,96.59999847,1218037,0,1,90.11877878,yahoo_bootstrap
2024-12-31,96.30000305,97.90000153,95.69999695,97.59999847,976459,0,1,91.05168541,yahoo_bootstrap
2025-01-02,97.69999695,98.19999695,95.40000153,95.5,1456389,0,1,89.09258292,yahoo_bootstrap
2025-01-03,95.69999695,96.40000153,94.40000153,94.40000153,1110897,0,1,88.06638705,yahoo_bootstrap
2025-01-06,94.90000153,96.59999847,94.90000153,95.90000153,1088108,0,1,89.46574699,yahoo_bootstrap
2025-01-07,97.19999695,98.40000153,96.59999847,97.59999847,1371836,0,1,91.05168541,yahoo_bootstrap
2025-01-08,98.30000305,99.90000153,97.5,99.19999695,2168158,0,1,92.54433459,yahoo_bootstrap
2025-01-09,99.5,100.5,97.69999695,97.69999695,2280500,0,1,91.14497465,yahoo_bootstrap
2025-01-10,97.69999695,97.80000305,95.09999847,95.5,2288882,0,1,89.09258292,yahoo_bootstrap
2025-01-13,95,95.09999847,92.30000305,95,2503214,0,1,88.6261296,yahoo_bootstrap
2025-01-14,95,95.90000153,94.80000305,95.59999847,1024356,0,1,89.18587215,yahoo_bootstrap
2025-01-15,95.59999847,96.09999847,94,94,783346,0,1,87.69322297,yahoo_bootstrap
2025-01-16,95.69999695,97.59999847,95.69999695,97.19999695,1777173,0,1,90.67852134,yahoo_bootstrap
2025-01-17,97.30000305,98,96.09999847,96.69999695,628151,0,1,90.21206802,yahoo_bootstrap
2025-01-20,97.5,98.19999695,97.09999847,97.40000153,741382,0,1,90.86510694,yahoo_bootstrap
2025-01-21,97.80000305,99.09999847,97.40000153,97.5,970100,0,1,90.95839617,yahoo_bootstrap
2025-01-22,98.59999847,98.59999847,96.80000305,97.59999847,1227250,0,1,91.05168541,yahoo_bootstrap
2025-02-03,95,96.09999847,91.30000305,92.40000153,2328623,0,1,86.2005738,yahoo_bootstrap
2025-02-04,93,93.5,91.69999695,92.09999847,1126667,0,1,85.92069896,yahoo_bootstrap
2025-02-05,93.30000305,94.40000153,92.90000153,93,920110,0,1,86.76031635,yahoo_bootstrap
2025-02-06,93.19999695,93.80000305,92.5,93.5,1062709,0,1,87.22676966,yahoo_bootstrap
2025-02-07,93.90000153,94.59999847,92.90000153,94.19999695,868722,0,1,87.87980145,yahoo_bootstrap
2025-02-10,94,94,93.19999695,93.59999847,469603,0,1,87.3200589,yahoo_bootstrap
2025-02-11,94.09999847,94.90000153,93.19999695,93.19999695,981068,0,1,86.94689483,yahoo_bootstrap
2025-02-12,93.5,95.30000305,93,93,1483605,0,1,86.76031635,yahoo_bootstrap
2025-02-13,93.5,94.30000305,93.19999695,93.80000305,1127470,0,1,87.50664449,yahoo_bootstrap
2025-02-14,94.40000153,95.30000305,93.59999847,94.90000153,1067115,0,1,88.53284037,yahoo_bootstrap
2025-02-17,95.59999847,96.5,95.5,95.90000153,792110,0,1,89.46574699,yahoo_bootstrap
2025-02-18,96.30000305,97.30000305,96.30000305,96.5,960100,0,1,90.02548954,yahoo_bootstrap
2025-02-19,97.19999695,97.69999695,96.5,96.59999847,820102,0,1,90.11877878,yahoo_bootstrap
2025-02-20,97,97.30000305,96.5,96.59999847,565157,0,1,90.11877878,yahoo_bootstrap
2025-02-21,96.80000305,99,96.19999695,98.59999847,1628545,0,1,91.98459203,yahoo_bootstrap
2025-02-24,98,98,97.09999847,97.19999695,918100,0,1,90.67852134,yahoo_bootstrap
2025-02-25,96.80000305,96.80000305,95.19999695,95.19999695,797430,0,1,88.81270808,yahoo_bootstrap
2025-02-26,95.59999847,96.5,95.40000153,95.5,607251,0,1,89.09258292,yahoo_bootstrap
2025-02-27,96,96.40000153,94,94,949714,0,1,87.69322297,yahoo_bootstrap
2025-03-03,93.5,93.5,92.09999847,93.09999847,1134605,0,1,86.85360558,yahoo_bootstrap
2025-03-04,92,93.80000305,90.09999847,93.80000305,1341521,0,1,87.50664449,yahoo_bootstrap
2025-03-05,93.80000305,95.80000305,93.80000305,95.59999847,707228,0,1,89.18587215,yahoo_bootstrap
2025-03-06,96,96.30000305,94.90000153,95.09999847,706442,0,1,88.71941884,yahoo_bootstrap
2025-03-07,95.90000153,103,95.90000153,100,13149483,0,1,93.29066274,yahoo_bootstrap
2025-03-10,100.5,107.5,100.5,105.5,16572077,0,1,98.42164919,yahoo_bootstrap
2025-03-11,101,106.5,100,106.5,8393718,0,1,99.35455582,yahoo_bootstrap
2025-03-12,107,110.5,105,109.5,12877873,0,1,102.1532757,yahoo_bootstrap
2025-03-13,110,110,104.5,105,9029016,0,1,97.95519588,yahoo_bootstrap
2025-03-14,107,109.5,104,108,8236983,0,1,100.75391576,yahoo_bootstrap
2025-03-17,108.5,108.5,105.5,106.5,3548396,0,1,99.35455582,yahoo_bootstrap
2025-03-18,106.5,108,105.5,108,3414594,0,1,100.75391576,yahoo_bootstrap
2025-03-19,109,109.5,101.5,102,5866704,0,1,95.15647599,yahoo_bootstrap
2025-03-20,104,108,103.5,107,5553314,0,1,99.82100913,yahoo_bootstrap
2025-03-21,107.5,108.5,106.5,107,3330819,0,1,99.82100913,yahoo_bootstrap
2025-03-24,108.5,109.5,104.5,104.5,3025736,0,1,97.48874256,yahoo_bootstrap
2025-03-25,107,107,102.5,103.5,1944819,0,1,96.55583593,yahoo_bootstrap
2025-03-26,104,104.5,102,102,1885403,0,1,95.15647599,yahoo_bootstrap
2025-03-27,99.90000153,101,96.90000153,97.09999847,5601221,0,1,90.58523209,yahoo_bootstrap
2025-03-28,96.90000153,96.90000153,93.5,93.80000305,3128340,0,1,87.50664449,yahoo_bootstrap
2025-03-31,90.30000305,91.80000305,87,87.69999695,4898842,0,1,81.81590838,yahoo_bootstrap
2025-04-01,88.19999695,90.40000153,88.19999695,89.69999695,2509242,0,1,83.68172163,yahoo_bootstrap
2025-04-02,90.5,91.5,89.5,90.90000153,1789753,0,1,84.80121386,yahoo_bootstrap
2025-04-07,81.90000153,81.90000153,81.90000153,81.90000153,178305,0,1,76.40505421,yahoo_bootstrap
2025-04-08,73.80000305,74.59999847,73.80000305,73.80000305,2950806,0,1,68.84851195,yahoo_bootstrap
2025-04-09,68.90000153,71.30000305,66.5,66.5,4940637,0,1,62.03829072,yahoo_bootstrap
2025-04-10,73.09999847,73.09999847,73.09999847,73.09999847,1031005,0,1,68.19547303,yahoo_bootstrap
2025-04-11,71.5,78.5,69,78.19999695,4543164,0,1,72.95329542,yahoo_bootstrap
2025-04-14,82.30000305,83.59999847,79.80000305,80.90000153,4030444,0,1,75.47214758,yahoo_bootstrap
2025-04-15,81.80000305,84.19999695,81.5,83.40000153,2084380,0,1,77.80441415,yahoo_bootstrap
2025-04-16,82.90000153,83.69999695,81.09999847,81.09999847,1939011,0,1,75.65872605,yahoo_bootstrap
2025-04-17,80,82.30000305,79.69999695,81.5,1525020,0,1,76.03189013,yahoo_bootstrap
2025-04-18,82.19999695,82.40000153,81.30000305,82.40000153,1087144,0,1,76.87150752,yahoo_bootstrap
2025-04-21,82.5,82.5,79.80000305,79.90000153,1573330,0,1,74.53924096,yahoo_bootstrap
2025-04-22,78.5,80.80000305,78.5,79.80000305,1453633,0,1,74.44595171,yahoo_bootstrap
2025-04-23,82,85.19999695,81.69999695,84.80000305,2884253,0,1,79.11048485,yahoo_bootstrap
2025-04-24,85,85,82,83.19999695,2520432,0,1,77.61782855,yahoo_bootstrap
2025-04-25,86,88.69999695,85.19999695,86.09999847,4760260,0,1,80.32325919,yahoo_bootstrap
2025-04-28,86.80000305,87.59999847,85.5,86.5,2248150,0,1,80.69642327,yahoo_bootstrap
2025-04-29,86.69999695,87,85.80000305,87,1461495,0,1,81.16287658,yahoo_bootstrap
2025-04-30,86.80000305,87.30000305,86,86.09999847,1167241,0,1,80.32325919,yahoo_bootstrap
2025-05-02,87,90.19999695,87,90.09999847,3423139,0,1,84.0548857,yahoo_bootstrap
2025-05-05,90.30000305,90.5,84.69999695,86.40000153,2151685,0,1,80.60313403,yahoo_bootstrap
2025-05-06,86.09999847,88.30000305,86.09999847,88,929226,0,1,82.09578321,yahoo_bootstrap
2025-05-07,88.40000153,88.80000305,87.30000305,88.80000305,1049102,0,1,82.84211136,yahoo_bootstrap
2025-05-08,92,94.80000305,89.40000153,89.69999695,5444769,0,1,83.68172163,yahoo_bootstrap
2025-05-09,91.5,94.80000305,91.19999695,94,5405843,0,1,87.69322297,yahoo_bootstrap
2025-05-12,94,95.30000305,93.80000305,94.90000153,2850732,0,1,88.53284037,yahoo_bootstrap
2025-05-13,96.09999847,98,95.5,98,3780410,0,1,91.42484948,yahoo_bootstrap
2025-05-14,99,100.5,97.09999847,100,5554336,0,1,93.29066274,yahoo_bootstrap
2025-05-15,100,100.5,99.19999695,100.5,2068200,0,1,93.75711605,yahoo_bootstrap
2025-05-16,101,102.5,100.5,101,2336822,0,1,94.22356937,yahoo_bootstrap
2025-05-19,101,102,99.5,100.5,2212465,0,1,93.75711605,yahoo_bootstrap
2025-05-20,102.5,104.5,102,104,4118797,0,1,97.02228925,yahoo_bootstrap
2025-05-21,104,105,103,104,2673794,0,1,97.02228925,yahoo_bootstrap
2025-05-22,103,104,102,103.5,1611321,0,1,96.55583593,yahoo_bootstrap
2025-05-23,104.5,104.5,101,103,2480884,0,1,96.08938262,yahoo_bootstrap
2025-05-26,103,104,103,103.5,1294337,0,1,96.55583593,yahoo_bootstrap
2025-05-27,103,104,100.5,101,2232722,0,1,94.22356937,yahoo_bootstrap
2025-05-28,103,104,101.5,102,1908539,0,1,95.15647599,yahoo_bootstrap
2025-05-29,103,104,102.5,104,1730194,0,1,97.02228925,yahoo_bootstrap
2025-06-02,102,104,100.5,102,2181470,0,1,95.15647599,yahoo_bootstrap
2025-06-03,103,105,102.5,104,2318168,0,1,97.02228925,yahoo_bootstrap
2025-06-04,105.5,106,103.5,105,2867738,0,1,97.95519588,yahoo_bootstrap
2025-06-05,104,106,103.5,106,2535983,0,1,98.8881025,yahoo_bootstrap
2025-06-06,106,107.5,104.5,107.5,3155744,0,1,100.28746244,yahoo_bootstrap
2025-06-09,105,105,100,101,4527487,0,1,94.22356937,yahoo_bootstrap
2025-06-10,101.5,103.5,100.5,102,2517391,0,1,95.15647599,yahoo_bootstrap
2025-06-11,103,104.5,102.5,103,2709901,0,1,96.08938262,yahoo_bootstrap
2025-06-12,103.5,108.5,103,107,5740431,0,1,99.82100913,yahoo_bootstrap
2025-06-13,107.5,108.5,104,104,5758376,0,1,97.02228925,yahoo_bootstrap
2025-06-16,101,104,100.5,103.5,2990425,3.692372,1,100.11010267,yahoo_bootstrap
2025-06-17,105,105,102,102.5,2043930,0,1,99.1428553,yahoo_bootstrap
2025-06-18,102,103.5,101.5,102.5,2112346,0,1,99.1428553,yahoo_bootstrap
2025-06-19,103,103,100,100.5,1824574,0,1,97.20836056,yahoo_bootstrap
2025-06-20,100.5,101,97.80000305,99.5,1821073,0,1,96.24111319,yahoo_bootstrap
2025-06-23,98,99.5,97.09999847,98.59999847,977383,0,1,95.37058908,yahoo_bootstrap
2025-06-24,100.5,101.5,99.90000153,101.5,1573148,0,1,98.17560793,yahoo_bootstrap
2025-06-25,102.5,103,101.5,101.5,1733850,0,1,98.17560793,yahoo_bootstrap
2025-06-26,102.5,102.5,100.5,102,1412500,0,1,98.65923161,yahoo_bootstrap
2025-06-27,102.5,102.5,99.30000305,100.5,1393204,0,1,97.20836056,yahoo_bootstrap
2025-06-30,100.5,102,100,100.5,1418038,0,1,97.20836056,yahoo_bootstrap
2025-07-01,101.5,103,100.5,101,1856223,0,1,97.69198424,yahoo_bootstrap
2025-07-02,101.5,103,100.5,102.5,1797657,0,1,99.1428553,yahoo_bootstrap
2025-07-03,103,103.5,102,103,1434757,0,1,99.62647898,yahoo_bootstrap
2025-07-04,103,103,99,99.59999847,2704292,0,1,96.33783645,yahoo_bootstrap
2025-07-07,100.5,100.5,98.59999847,99.30000305,1748180,0,1,96.04766667,yahoo_bootstrap
2025-07-08,99,100,97.40000153,100,2307952,0,1,96.72473688,yahoo_bootstrap
2025-07-09,100.5,105,99.80000305,105,4363530,0,1,101.56097372,yahoo_bootstrap
2025-07-10,105.5,106,102.5,104,2094306,0,1,100.59372635,yahoo_bootstrap
2025-07-11,103.5,104.5,102.5,102.5,1448508,0,1,99.1428553,yahoo_bootstrap
2025-07-14,103,104.5,102,103.5,1593407,0,1,100.11010267,yahoo_bootstrap
2025-07-15,104,110,103.5,107,8079094,0,1,103.49546846,yahoo_bootstrap
2025-07-16,108,109.5,106.5,107,3835377,0,1,103.49546846,yahoo_bootstrap
2025-07-17,110,115,108,114.5,16289763,0,1,110.74982372,yahoo_bootstrap
2025-07-18,115,116,113,113.5,8472956,0,1,109.78257635,yahoo_bootstrap
2025-07-21,114,116,112.5,113.5,4007596,0,1,109.78257635,yahoo_bootstrap
2025-07-22,113.5,114.5,110,110,5273280,0,1,106.39721056,yahoo_bootstrap
2025-07-23,112,113,110,112,2816940,0,1,108.3317053,yahoo_bootstrap
2025-07-24,113,114,111,113.5,2565304,0,1,109.78257635,yahoo_bootstrap
2025-07-25,114,115.5,112.5,112.5,3684235,0,1,108.81532898,yahoo_bootstrap
2025-07-28,114,116,114,114.5,3761910,0,1,110.74982372,yahoo_bootstrap
2025-07-29,114.5,115,112,113,2248094,0,1,109.29895267,yahoo_bootstrap
2025-07-30,113.5,114,111,112,2504999,0,1,108.3317053,yahoo_bootstrap
2025-07-31,113.5,115,112.5,113.5,2802209,0,1,109.78257635,yahoo_bootstrap
2025-08-04,114.5,116,112.5,114,2604999,0,1,110.26620004,yahoo_bootstrap
2025-08-05,115.5,125,115.5,120.5,27880732,0,1,116.55330793,yahoo_bootstrap
2025-08-06,121,122,120,121.5,7814573,0,1,117.5205553,yahoo_bootstrap
2025-08-07,123,123.5,120,122,7350405,0,1,118.00417899,yahoo_bootstrap
2025-08-08,126,133.5,124,131.5,21103187,0,1,127.19302899,yahoo_bootstrap
2025-08-11,133,137,132.5,133.5,20040718,0,1,129.12752373,yahoo_bootstrap
2025-08-12,136,138.5,133,134.5,14483197,0,1,130.0947711,yahoo_bootstrap
2025-08-13,135.5,136,130.5,133,9332812,0,1,128.64390004,yahoo_bootstrap
2025-08-14,137,138,133,136,8769898,0,1,131.54564215,yahoo_bootstrap
2025-08-15,137,137.5,134.5,136,5157703,0,1,131.54564215,yahoo_bootstrap
2025-08-18,135.5,139,135,138,8242376,0,1,133.48013689,yahoo_bootstrap
2025-08-19,139.5,141.5,136,136,15670567,0,1,131.54564215,yahoo_bootstrap
2025-08-20,137,137,132,132.5,7382788,0,1,128.16027636,yahoo_bootstrap
2025-08-21,134.5,137.5,134,136.5,9630650,0,1,132.02926583,yahoo_bootstrap
2025-08-22,136,136,132,134,5293210,0,1,129.61114741,yahoo_bootstrap
2025-08-25,136,136.5,133,135,4117339,0,1,130.57839478,yahoo_bootstrap
2025-08-26,135,136.5,134,135.5,2921936,0,1,131.06201847,yahoo_bootstrap
2025-08-27,136.5,139,136,137.5,5178441,0,1,132.9965132,yahoo_bootstrap
2025-08-28,137.5,139,135.5,137,3765449,0,1,132.51288952,yahoo_bootstrap
2025-08-29,138.5,138.5,136,136.5,3137415,0,1,132.02926583,yahoo_bootstrap
2025-09-01,136.5,137.5,130,130.5,4450863,0,1,126.22578162,yahoo_bootstrap
2025-09-02,132.5,132.5,126,128,3825284,0,1,123.8076632,yahoo_bootstrap
2025-09-03,129,133.5,128.5,129,3721775,0,1,124.77491057,yahoo_bootstrap
2025-09-04,130.5,131,128,129,1940618,0,1,124.77491057,yahoo_bootstrap
2025-09-05,130,130.5,128,129,1836897,0,1,124.77491057,yahoo_bootstrap
2025-09-08,131,134,129.5,133,3988228,0,1,128.64390004,yahoo_bootstrap
2025-09-09,131.5,131.5,126,127,4917519,0,1,122.84041583,yahoo_bootstrap
2025-09-10,127.5,136.5,127,135,10780350,0,1,130.57839478,yahoo_bootstrap
2025-09-11,134,139,131,133,9449414,0,1,128.64390004,yahoo_bootstrap
2025-09-12,136,136,132.5,133,2784165,0,1,128.64390004,yahoo_bootstrap
2025-09-15,135,136,132,134.5,6708256,0,1,130.0947711,yahoo_bootstrap
2025-09-16,136,136,129,129.5,6789262,0,1,125.25853425,yahoo_bootstrap
2025-09-17,129.5,130.5,127,127,2543823,0,1,122.84041583,yahoo_bootstrap
2025-09-18,127.5,130,124.5,128.5,3451612,0,1,124.29128688,yahoo_bootstrap
2025-09-19,130,130.5,127,128.5,1809312,0,1,124.29128688,yahoo_bootstrap
2025-09-22,129,132.5,128.5,131.5,2503629,0,1,127.19302899,yahoo_bootstrap
2025-09-23,133.5,136,129,129,6063274,0,1,124.77491057,yahoo_bootstrap
2025-09-24,129,129.5,127,128,1451605,0,1,123.8076632,yahoo_bootstrap
2025-09-25,127,129,124.5,125.5,3095109,0,1,121.38954478,yahoo_bootstrap
2025-09-26,125,125.5,120,121,3414949,0,1,117.03693162,yahoo_bootstrap
2025-09-30,124,127,124,126.5,2523554,0,1,122.35679215,yahoo_bootstrap
2025-10-01,127,129.5,126.5,127.5,1806016,0,1,123.32403952,yahoo_bootstrap
2025-10-02,129.5,129.5,127.5,128,1683667,0,1,123.8076632,yahoo_bootstrap
2025-10-03,129,133,128,128.5,2718076,0,1,124.29128688,yahoo_bootstrap
2025-10-07,130.5,133,129,130.5,7255218,0,1,126.22578162,yahoo_bootstrap
2025-10-08,130,131,127,131,2857040,0,1,126.70940531,yahoo_bootstrap
2025-10-09,134.5,137.5,131.5,132,7855850,0,1,127.67665268,yahoo_bootstrap
2025-10-13,127.5,131.5,127.5,131,3483102,0,1,126.70940531,yahoo_bootstrap
2025-10-14,132.5,138.5,131,135,13473532,0,1,130.57839478,yahoo_bootstrap
2025-10-15,137.5,140,135,140,14429949,0,1,135.41463162,yahoo_bootstrap
2025-10-16,147,154,140,145,24926732,0,1,140.25086847,yahoo_bootstrap
2025-10-17,143,143.5,133.5,135.5,11740279,0,1,131.06201847,yahoo_bootstrap
2025-10-20,135,137.5,133.5,136.5,3866586,0,1,132.02926583,yahoo_bootstrap
2025-10-21,138,141,135,139,6084464,0,1,134.44738426,yahoo_bootstrap
2025-10-22,138,138.5,136,137,2467722,0,1,132.51288952,yahoo_bootstrap
2025-10-23,136.5,137.5,134.5,136,2289897,0,1,131.54564215,yahoo_bootstrap
2025-10-27,138,141.5,137.5,140.5,5141305,0,1,135.89825531,yahoo_bootstrap
2025-10-28,141,147.5,140.5,147,12291940,0,1,142.18536321,yahoo_bootstrap
2025-10-29,148.5,151.5,144,150.5,11682240,0,1,145.570729,yahoo_bootstrap
2025-10-30,152,153.5,145,148,8327391,0,1,143.15261058,yahoo_bootstrap
2025-10-31,149.5,152,147,151,5112210,0,1,146.05435268,yahoo_bootstrap
2025-11-03,155,166,152,166,22328465,0,1,160.56306321,yahoo_bootstrap
2025-11-04,167.5,168.5,149.5,149.5,22962036,0,1,144.60348163,yahoo_bootstrap
2025-11-05,144,153,143,152,8829990,0,1,147.02160005,yahoo_bootstrap
2025-11-06,152,155,149,153.5,7334722,0,1,148.4724711,yahoo_bootstrap
2025-11-07,160.5,168.5,159.5,168.5,20067498,0,1,162.98118163,yahoo_bootstrap
2025-11-10,173,184,169.5,176.5,42466560,0,1,170.71916058,yahoo_bootstrap
2025-11-11,178,185,175.5,182,18503896,0,1,176.03902111,yahoo_bootstrap
2025-11-12,183,195,182.5,185.5,20990690,0,1,179.4243869,yahoo_bootstrap
2025-11-13,185.5,187,181.5,184,8897756,0,1,177.97351585,yahoo_bootstrap
2025-11-14,180,181.5,175.5,176,6091633,0,1,170.2355369,yahoo_bootstrap
2025-11-17,177.5,179,174.5,177.5,5226572,0,1,171.68640795,yahoo_bootstrap
2025-11-18,174,184.5,173.5,178.5,8533015,0,1,172.65365532,yahoo_bootstrap
2025-11-19,180,183,174,178,7183726,0,1,172.17003164,yahoo_bootstrap
2025-11-20,185,192.5,183,189.5,13470613,0,1,183.29337638,yahoo_bootstrap
2025-11-21,180,182.5,171.5,174.5,8318151,0,1,168.78466585,yahoo_bootstrap
2025-11-24,176.5,177,168,169,5837499,0,1,163.46480532,yahoo_bootstrap
2025-11-25,173,173,169.5,170.5,3098436,0,1,164.91567637,yahoo_bootstrap
2025-11-26,172,172.5,166.5,168.5,4518312,0,1,162.98118163,yahoo_bootstrap
2025-11-27,171.5,171.5,164,166,3816933,0,1,160.56306321,yahoo_bootstrap
2025-11-28,167,168.5,164,166.5,3432123,0,1,161.0466869,yahoo_bootstrap
2025-12-01,167.5,167.5,161.5,163.5,2567982,0,1,158.14494479,yahoo_bootstrap
2025-12-02,165,166.5,161,161.5,2344935,0,1,156.21045005,yahoo_bootstrap
2025-12-03,163,164.5,161.5,163.5,2463679,0,1,158.14494479,yahoo_bootstrap
2025-12-04,164.5,168.5,162.5,163,3381241,0,1,157.66132111,yahoo_bootstrap
2025-12-05,164,168,163.5,167,3130335,0,1,161.53031058,yahoo_bootstrap
2025-12-08,165,166,160.5,160.5,4770187,0,1,155.24320268,yahoo_bootstrap
2025-12-09,161.5,161.5,156.5,158.5,4504676,0,1,153.30870795,yahoo_bootstrap
2025-12-10,162,162,158.5,161.5,2464238,0,1,156.21045005,yahoo_bootstrap
2025-12-11,162,162.5,158,158.5,2389424,0,1,153.30870795,yahoo_bootstrap
2025-12-12,161.5,163,157.5,157.5,2180492,0,1,152.34146058,yahoo_bootstrap
2025-12-15,155.5,157,154,156.5,1683125,0,1,151.37421321,yahoo_bootstrap
2025-12-16,156,157.5,151,152.5,2919232,0,1,147.50522373,yahoo_bootstrap
2025-12-17,154,155,152,153,1846043,0,1,147.98884742,yahoo_bootstrap
2025-12-18,152.5,153,149.5,151.5,1809106,0,1,146.53797637,yahoo_bootstrap
2025-12-19,152.5,157.5,151.5,157,2243056,0,1,151.85783689,yahoo_bootstrap
2025-12-22,159.5,159.5,157,159.5,1733833,0,1,154.27595532,yahoo_bootstrap
2025-12-23,159.5,159.5,155.5,155.5,1605705,0,1,150.40696584,yahoo_bootstrap
2025-12-24,156.5,159,156.5,158,1081621,0,1,152.82508426,yahoo_bootstrap
2025-12-26,159,163,157,161,4779419,0,1,155.72682637,yahoo_bootstrap
2025-12-29,161,163,159,162,2699009,0,1,156.69407374,yahoo_bootstrap
2025-12-30,161.5,161.5,159,159.5,1962455,0,1,154.27595532,yahoo_bootstrap
2025-12-31,160,162.5,159.5,160.5,2297453,0,1,155.24320268,yahoo_bootstrap
2026-01-02,160.5,160.5,157.5,158.5,2831651,0,1,153.30870795,yahoo_bootstrap
2026-01-05,159.5,160,153.5,157,2612448,0,1,151.85783689,yahoo_bootstrap
2026-01-06,158,160,156,156.5,2510437,0,1,151.37421321,yahoo_bootstrap
2026-01-07,157.5,161,155,156.5,3183986,0,1,151.37421321,yahoo_bootstrap
2026-01-08,159.5,160.5,154,154,3305786,0,1,148.95609479,yahoo_bootstrap
2026-01-09,157,160,154.5,156.5,3305656,0,1,151.37421321,yahoo_bootstrap
2026-01-12,159.5,159.5,155,155.5,2132685,0,1,150.40696584,yahoo_bootstrap
2026-01-13,157,157,151,152,2528241,0,1,147.02160005,yahoo_bootstrap
2026-01-14,155,157,154,155.5,2089197,0,1,150.40696584,yahoo_bootstrap
2026-01-15,157,157.5,152,153,2459260,0,1,147.98884742,yahoo_bootstrap
2026-01-16,154,154,150,153,1792995,0,1,147.98884742,yahoo_bootstrap
2026-01-19,153,153,149,150,2409608,0,1,145.08710531,yahoo_bootstrap
2026-01-20,150,152.5,149,151,1770193,0,1,146.05435268,yahoo_bootstrap
2026-01-21,150,154.5,149,151,2171343,0,1,146.05435268,yahoo_bootstrap
2026-01-22,154.5,155,151,155,2739872,0,1,149.92334216,yahoo_bootstrap
2026-01-23,157,157.5,153,153,1769771,0,1,147.98884742,yahoo_bootstrap
2026-01-26,153.5,154.5,150.5,152.5,1593260,0,1,147.50522373,yahoo_bootstrap
2026-01-27,152.5,154.5,151,151,1351716,0,1,146.05435268,yahoo_bootstrap
2026-01-28,150,153.5,148,149.5,2713889,0,1,144.60348163,yahoo_bootstrap
2026-01-29,150.5,153,147,152,2791844,0,1,147.02160005,yahoo_bootstrap
2026-01-30,150.5,150.5,143,143,3418325,0,1,138.31637373,yahoo_bootstrap
2026-02-02,139,145,138.5,143,2152503,0,1,138.31637373,yahoo_bootstrap
2026-02-03,145.5,149.5,143.5,149,2251797,0,1,144.11985794,yahoo_bootstrap
2026-02-04,147,154,147,152,2474853,0,1,147.02160005,yahoo_bootstrap
2026-02-05,151.5,156,149,149.5,2894067,0,1,144.60348163,yahoo_bootstrap
2026-02-06,148.5,149.5,143,147,1938850,0,1,142.18536321,yahoo_bootstrap
2026-02-09,148.5,151,146,147,2027646,0,1,142.18536321,yahoo_bootstrap
2026-02-10,148,148.5,146,146.5,1298780,0,1,141.70173952,yahoo_bootstrap
2026-02-11,146,147,144.5,144.5,1425913,0,1,139.76724478,yahoo_bootstrap
2026-02-23,146.21195984,147.206604,143.2280426,146.21195984,1430116,0,1,141.42313344,yahoo_bootstrap
2026-02-24,146,147.5,144.5,145,1810101,0,1,140.25086847,yahoo_bootstrap
2026-02-25,151,155,147.5,151.5,5707141,0,1,146.53797637,yahoo_bootstrap
2026-02-26,151,155.5,148.5,152.5,4089024,0,1,147.50522373,yahoo_bootstrap
2026-03-02,155,157,149.5,154.5,10255111,0,1,149.43971847,yahoo_bootstrap
2026-03-03,154.5,154.5,143,143,6210801,0,1,138.31637373,yahoo_bootstrap
2026-03-04,138.5,139.5,133,134.5,3786172,0,1,130.0947711,yahoo_bootstrap
2026-03-05,138.5,143,137.5,140.5,2818352,0,1,135.89825531,yahoo_bootstrap
2026-03-06,141,142.5,136,137,4204105,0,1,132.51288952,yahoo_bootstrap
2026-03-09,124,130,124,130,2722990,0,1,125.74215794,yahoo_bootstrap
2026-03-10,133,133,127,128,3353430,0,1,123.8076632,yahoo_bootstrap
2026-03-11,130.5,140.5,129.5,140.5,4682531,0,1,135.89825531,yahoo_bootstrap
2026-03-12,141,146,138.5,141,10572741,0,1,136.38187899,yahoo_bootstrap
2026-03-13,139,150.5,138.5,144.5,11087593,0,1,139.76724478,yahoo_bootstrap
2026-03-16,146,149.5,143,146,6841844,0,1,141.21811584,yahoo_bootstrap
2026-03-17,153.5,160.5,148.5,155.5,27880143,0,1,150.40696584,yahoo_bootstrap
2026-03-18,157,157,148,151.5,16696552,0,1,146.53797637,yahoo_bootstrap
2026-03-19,148.5,150,144.5,144.5,9024691,0,1,139.76724478,yahoo_bootstrap
2026-03-20,145.5,147,142,143.5,5112396,0,1,138.79999742,yahoo_bootstrap
2026-03-23,138,139.5,132,133,5368895,0,1,128.64390004,yahoo_bootstrap
2026-03-24,136,136.5,128.5,131,2946709,0,1,126.70940531,yahoo_bootstrap
2026-03-25,134,141.5,133,139.5,5298968,0,1,134.93100794,yahoo_bootstrap
2026-03-26,141,145,136,136,6670644,0,1,131.54564215,yahoo_bootstrap
2026-03-27,134,135.5,131.5,134.5,4171340,0,1,130.0947711,yahoo_bootstrap
2026-03-30,130.5,133,129,131,3136267,0,1,126.70940531,yahoo_bootstrap
2026-03-31,129.5,130,123,123,5165296,0,1,118.97142636,yahoo_bootstrap
2026-04-01,127,129.5,126,128,2560498,0,1,123.8076632,yahoo_bootstrap
2026-04-02,128,129.5,122.5,122.5,3588691,0,1,118.48780267,yahoo_bootstrap
2026-04-07,125,125.5,122.5,125,4027081,0,1,120.90592109,yahoo_bootstrap
2026-04-08,130.5,134,129,131.5,7619790,0,1,127.19302899,yahoo_bootstrap
2026-04-09,132,138,131.5,136.5,6400083,0,1,132.02926583,yahoo_bootstrap
2026-04-10,139.5,141,136.5,141,4210541,0,1,136.38187899,yahoo_bootstrap
2026-04-13,141,141,137,140,3413238,0,1,135.41463162,yahoo_bootstrap
2026-04-14,141.5,143,140.5,141.5,3836350,0,1,136.86550268,yahoo_bootstrap
2026-04-15,143.5,144,138.5,141,4477035,0,1,136.38187899,yahoo_bootstrap
2026-04-16,142.5,149,141,147,8500527,0,1,142.18536321,yahoo_bootstrap
2026-04-17,147.5,148,145,146.5,4276208,0,1,141.70173952,yahoo_bootstrap
2026-04-20,147,147,144.5,146,3289934,0,1,141.21811584,yahoo_bootstrap
2026-04-21,148.5,149.5,145,146,4185596,0,1,141.21811584,yahoo_bootstrap
2026-04-22,148,152.5,146,147,10325974,0,1,142.18536321,yahoo_bootstrap
2026-04-23,149,149.5,138,141.5,6008486,0,1,136.86550268,yahoo_bootstrap
2026-04-24,143,148.5,141,145.5,5124894,0,1,140.73449215,yahoo_bootstrap
2026-04-27,147,147,141,142.5,2780056,0,1,137.83275005,yahoo_bootstrap
2026-04-28,143.5,145,142.5,143,1897861,0,1,138.31637373,yahoo_bootstrap
2026-04-29,143,147.5,142.5,146.5,3525697,0,1,141.70173952,yahoo_bootstrap
2026-04-30,149,149,145,145,3418088,0,1,140.25086847,yahoo_bootstrap
2026-05-04,148,151,145,150,5134968,0,1,145.08710531,yahoo_bootstrap
2026-05-05,152,152.5,148.5,149.5,7708578,0,1,144.60348163,yahoo_bootstrap
2026-05-06,150,150.5,145,148,4961058,0,1,143.15261058,yahoo_bootstrap
2026-05-07,149,151.5,145.5,149.5,5986678,0,1,144.60348163,yahoo_bootstrap
2026-05-08,149.5,159,148,149,14063706,0,1,144.11985794,yahoo_bootstrap
2026-05-11,146,151.5,143,151,6457016,0,1,146.05435268,yahoo_bootstrap
2026-05-12,152.5,152.5,146,149,5065465,0,1,144.11985794,yahoo_bootstrap
2026-05-13,146.5,148,143.5,146.5,5954279,0,1,141.70173952,yahoo_bootstrap
2026-05-14,146,147.5,143.5,145.5,4956111,0,1,140.73449215,yahoo_bootstrap
2026-05-15,146,147,140,140,4111605,0,1,135.41463162,yahoo_bootstrap
2026-05-18,138,141.5,135,140.5,2758124,0,1,135.89825531,yahoo_bootstrap
2026-05-19,140.5,146,139.5,145,4224271,0,1,140.25086847,yahoo_bootstrap
2026-05-20,147,148,142,143,4623184,0,1,138.31637373,yahoo_bootstrap
2026-05-21,146,153,145,152,8565472,0,1,147.02160005,yahoo_bootstrap
2026-05-22,154.5,163.5,153.5,158.5,16043140,0,1,153.30870795,yahoo_bootstrap
2026-05-25,163,166,158.5,162.5,15206227,0,1,157.17769742,yahoo_bootstrap
2026-05-26,164,166.5,160,165,10921638,0,1,159.59581584,yahoo_bootstrap
2026-05-27,166,166,159,162,7016711,0,1,156.69407374,yahoo_bootstrap
2026-05-28,162.5,164.5,152,156.5,7445326,0,1,151.37421321,yahoo_bootstrap
2026-05-29,157.5,160.5,155.5,159,4710376,0,1,153.79233163,yahoo_bootstrap
2026-06-01,161,166,159.5,165,7624516,0,1,159.59581584,yahoo_bootstrap
2026-06-02,166,171,162.5,164.5,8449993,0,1,159.11219216,yahoo_bootstrap
2026-06-03,165.5,168.5,163,167.5,6548243,0,1,162.01393427,yahoo_bootstrap
2026-06-04,167,178,166.5,168.5,11037654,0,1,162.98118163,yahoo_bootstrap
2026-06-05,168,170,161,161.5,5263865,0,1,156.21045005,yahoo_bootstrap
2026-06-08,147,158,147,157,4464118,0,1,151.85783689,yahoo_bootstrap
2026-06-09,157,162.5,149.5,160,7695335,0,1,154.759579,yahoo_bootstrap
2026-06-10,152,155,145,145,6748487,5.240421,1,145,yahoo_bootstrap
2026-06-11,144,146.5,139,142,4117942,0,1,142,yahoo_bootstrap
2026-06-12,146.5,148,143.5,144,2957482,0,1,144,yahoo_bootstrap
2026-06-15,147,147,143,143,2221171,0,1,143,yahoo_bootstrap
2026-06-16,145,145.5,142,142.5,2231735,0,1,142.5,yahoo_bootstrap
2026-06-17,141.5,146,140.5,144.5,1944323,0,1,144.5,yahoo_bootstrap
2026-06-18,145,146,144,145,2041982,0,1,145,yahoo_bootstrap
2026-06-22,147.5,150.5,145.5,150,4052310,0,1,150,yahoo_bootstrap
2026-06-23,151,151,145.5,146.5,2813386,0,1,146.5,yahoo_bootstrap
2026-06-24,145,150,144,150,2595378,0,1,150,yahoo_bootstrap
2026-06-25,150.5,151.5,145.5,145.5,2769532,0,1,145.5,yahoo_bootstrap
2026-06-26,144.5,145.5,137,137,3579109,0,1,137,yahoo_bootstrap
2026-06-29,138.5,141.5,137,138,1712900,0,1,138,yahoo_bootstrap
2026-06-30,139.5,144.5,139,142,2169895,0,1,142,yahoo_bootstrap
2026-07-01,145,148,144.5,146,2437181,0,1,146,yahoo_bootstrap
2026-07-02,145,148,143,148,1442055,0,1,148,yahoo_bootstrap
2026-07-03,146.5,150,146,149,1392025,0,1,149,yahoo_bootstrap
2026-07-06,150,152,147.5,148.5,1303385,0,1,148.5,yahoo_bootstrap
2026-07-07,149.5,149.5,142.5,144,1787366,0,1,144,yahoo_bootstrap
2026-07-08,145,147,141.5,143.5,1507852,0,1,143.5,yahoo_bootstrap
2026-07-09,143.5,144.5,142,142.5,1387584,0,1,142.5,yahoo_bootstrap
2026-07-10,142.5,142.5,142.5,142.5,0,0,1,142.5,yahoo_bootstrap
2026-07-13,144,144,137,138,1694678,0,1,138,yahoo_bootstrap
2026-07-14,138.5,140,128,133.5,2836284,0,1,133.5,yahoo_bootstrap
2026-07-15,136,140,135,139,2136928,0,1,139,yahoo_bootstrap
2026-07-16,137,138,133.5,135,1362607,0,1,135,yahoo_bootstrap
2026-07-17,131,133.5,127,127,2389882,0,1,127,yahoo_bootstrap
2026-07-20,127,128,120.5,125.5,1543527,0,1,125.5,yahoo_bootstrap
2026-07-21,126,129,126,128.5,1306453,0,1,128.5,yahoo_bootstrap
2026-07-22,131,133.5,130.5,132,2381532,0,1,132,yahoo_bootstrap
2026-07-23,132,135,131,133.5,988200,0,1,133.5,yahoo_bootstrap
2026-07-24,132.5,134.5,129.5,130,819735,0,1,130,yahoo_bootstrap
2026-07-27,132,132,128,131.5,981070,0,1,131.5,yahoo_daily
2026-07-28,129,129,124,126.5,1653713,0,1,126.5,yahoo_daily
2026-07-29,129.5,130,118.5,124.5,3275392,0,1,124.5,yahoo_daily
2026-07-30,123.5,126,119.5,120.5,1676681,0,1,120.5,yahoo_daily
2026-07-31,127,132,127,131,2038471,0,1,131,yahoo_daily
2026-08-03,131,138,131,136.5,2271500,0,1,136.5,yahoo_daily
2026-08-04,134,137.5,133.5,135.5,1363293,0,1,135.5,yahoo_daily
2026-08-05,138,141,138,140.5,2430681,0,1,140.5,yahoo_daily
2026-08-06,142,154.5,141.5,154.5,11639405,0,1,154.5,yahoo_daily
2026-08-07,153.5,155.5,149.5,151.5,6013391,0,1,151.5,yahoo_daily
2026-08-10,154,157.5,148.5,149.5,4825120,0,1,149.5,yahoo_daily
2026-08-11,148.5,151.5,147,151.5,2269280,0,1,151.5,yahoo_daily
2026-08-12,151,153.5,150.5,150.5,1710664,0,1,150.5,yahoo_daily
2026-08-13,152,154,149.5,149.5,2093577,0,1,149.5,yahoo_daily
2026-08-14,150.5,150.5,145,146,2032872,0,1,146,yahoo_daily
2026-08-17,146,149.5,144,148,1464347,0,1,148,yahoo_daily
2026-08-18,149,149.5,144.5,145.5,1925011,0,1,145.5,yahoo_daily
2026-08-19,143,147.5,142,145,1635364,0,1,145,yahoo_daily
2026-08-20,146,148,143,144,1044539,0,1,144,yahoo_daily
2026-08-21,144,144.5,141,142.5,899075,0,1,142.5,yahoo_daily
2026-08-24,141.5,146,141.5,143.5,1223340,0,1,143.5,yahoo_daily
2026-08-25,143.5,144,140.5,144,1148529,0,1,144,yahoo_daily
2026-08-26,144,151.5,143.5,151.5,2730951,0,1,151.5,yahoo_daily
2026-08-27,153,166,152,159.5,13096132,0,1,159.5,yahoo_daily
2026-08-28,161.5,165,157,163.5,8218158,0,1,163.5,yahoo_daily
2026-08-31,163.5,179.5,163,179.5,20478108,0,1,179.5,yahoo_daily
2026-09-01,182,184,175,177,12066560,0,1,177,yahoo_daily
2026-09-02,175,178.5,166,168,6644706,0,1,168,yahoo_daily
2026-09-03,168,174,163,164.5,4793702,0,1,164.5,yahoo_daily
2026-09-04,168.5,179,166,178,7891330,0,1,178,yahoo_daily
2026-09-07,178,178.5,169,171.5,6394784,0,1,171.5,yahoo_daily
2026-09-08,172,172,165.5,168,3228107,0,1,168,yahoo_daily
2026-09-09,165.5,169,160,167.5,4589558,0,1,167.5,yahoo_daily
2026-09-10,166,168.5,164,165,1905387,0,1,165,yahoo_daily
2026-09-11,161,166.5,160,164.5,2457561,0,1,164.5,yahoo_daily
2026-09-14,161,165,161,163,2089294,0,1,163,yahoo_daily
2026-09-15,163.5,163.5,158,158,2656526,0,1,158,yahoo_daily
2026-09-16,159,161.5,158,160.5,1399310,0,1,160.5,yahoo_daily
2026-09-17,161,166.5,161,162,2138777,0,1,162,yahoo_daily
2026-09-18,164.5,169,164.5,167,3183771,0,1,167,yahoo_daily
2026-09-21,170.5,170.5,166,166.5,1408386,0,1,166.5,yahoo_daily
2026-09-22,168.5,170.5,167,167,1782613,0,1,167,yahoo_daily
2026-09-23,168.5,169,163,163,1660077,0,1,163,yahoo_daily
2026-09-24,163,168,161.5,167,1807089,0,1,167,yahoo_daily
2026-09-29,165.5,165.5,161,163.5,1700904,0,1,163.5,yahoo_daily
2026-09-30,164.5,165.5,160,160.5,2515741,0,1,160.5,yahoo_daily
2026-10-01,162,164.5,160.5,164,1466368,0,1,164,yahoo_daily
2026-10-02,163.5,168,161.5,166,1671655,0,1,166,yahoo_daily
2026-10-05,167,172,167,169.5,3536920,0,1,169.5,yahoo_daily
2026-10-06,171.5,176,167.5,173,3627561,0,1,173,yahoo_daily
2026-10-07,171.5,173.5,168.5,171.5,1929516,0,1,171.5,yahoo_daily
